x,y,label
0,0,2
0,1,2
0,2,2
0,3,2
0,4,2
0,5,2
0,6,2
0,7,2
0,8,2
0,9,2
0,10,2
0,11,2
0,12,2
0,13,2
0,14,2
0,15,2
0,16,2
0,17,2
0,18,2
0,19,2
0,20,2
0,21,2
0,22,2
0,23,2
0,24,2
0,25,2
0,26,2
0,27,2
0,28,2
0,29,2
0,30,2
0,31,2
0,32,2
0,33,2
0,34,2
0,35,2
0,36,2
0,37,2
0,38,2
0,39,2
0,40,2
0,41,2
0,42,2
0,43,2
0,44,2
0,45,2
0,46,2
0,47,2
0,48,2
0,49,2
0,50,2
0,51,2
0,52,2
0,53,2
0,54,2
0,55,2
0,56,2
0,57,2
0,58,2
0,59,2
0,60,2
0,61,2
0,62,2
0,63,2
0,64,2
0,65,2
0,66,2
0,67,2
0,68,2
0,69,2
1,0,2
1,1,2
1,2,2
1,3,2
1,4,2
1,5,2
1,6,2
1,7,2
1,8,2
1,9,2
1,10,2
1,11,2
1,12,2
1,13,2
1,14,2
1,15,2
1,16,2
1,17,2
1,18,2
1,19,2
1,20,2
1,21,2
1,22,2
1,23,2
1,24,2
1,25,2
1,26,2
1,27,2
1,28,2
1,29,2
1,30,2
1,31,2
1,32,2
1,33,2
1,34,2
1,35,2
1,36,2
1,37,2
1,38,2
1,39,2
1,40,2
1,41,2
1,42,2
1,43,2
1,44,2
1,45,2
1,46,2
1,47,2
1,48,2
1,49,2
1,50,2
1,51,2
1,52,2
1,53,2
1,54,2
1,55,2
1,56,2
1,57,2
1,58,2
1,59,2
1,60,2
1,61,2
1,62,2
1,63,2
1,64,2
1,65,2
1,66,2
1,67,2
1,68,2
1,69,2
2,0,2
2,1,2
2,2,2
2,3,2
2,4,2
2,5,2
2,6,2
2,7,2
2,8,2
2,9,2
2,10,2
2,11,2
2,12,2
2,13,2
2,14,2
2,15,2
2,16,2
2,17,2
2,18,2
2,19,2
2,20,2
2,21,2
2,22,2
2,23,2
2,24,2
2,25,2
2,26,2
2,27,2
2,28,2
2,29,2
2,30,2
2,31,1
2,32,1
2,33,3
2,34,3
2,35,3
2,36,3
2,37,3
2,38,1
2,39,1
2,40,1
2,41,1
2,42,2
2,43,1
2,44,2
2,45,2
2,46,2
2,47,2
2,48,2
2,49,2
2,50,2
2,51,2
2,52,2
2,53,2
2,54,2
2,55,2
2,56,2
2,57,2
2,58,2
2,59,2
2,60,2
2,61,2
2,62,2
2,63,2
2,64,2
2,65,2
2,66,2
2,67,2
2,68,2
2,69,2
3,0,2
3,1,2
3,2,2
3,3,2
3,4,2
3,5,2
3,6,2
3,7,2
3,8,2
3,9,2
3,10,2
3,11,2
3,12,2
3,13,2
3,14,2
3,15,2
3,16,2
3,17,2
3,18,2
3,19,2
3,20,2
3,21,2
3,22,2
3,23,2
3,24,2
3,25,2
3,26,2
3,27,2
3,28,1
3,29,1
3,30,1
3,31,3
3,32,3
3,33,2
3,34,3
3,35,2
3,36,2
3,37,3
3,38,2
3,39,3
3,40,2
3,41,3
3,42,3
3,43,3
3,44,1
3,45,1
3,46,2
3,47,2
3,48,2
3,49,2
3,50,2
3,51,2
3,52,2
3,53,2
3,54,2
3,55,2
3,56,2
3,57,2
3,58,2
3,59,2
3,60,2
3,61,2
3,62,2
3,63,2
3,64,2
3,65,2
3,66,2
3,67,2
3,68,2
3,69,2
4,0,2
4,1,2
4,2,2
4,3,2
4,4,2
4,5,2
4,6,2
4,7,2
4,8,2
4,9,2
4,10,2
4,11,2
4,12,2
4,13,2
4,14,2
4,15,2
4,16,2
4,17,2
4,18,2
4,19,2
4,20,2
4,21,2
4,22,2
4,23,2
4,24,2
4,25,1
4,26,1
4,27,1
4,28,1
4,29,2
4,30,2
4,31,2
4,32,2
4,33,2
4,34,2
4,35,3
4,36,2
4,37,2
4,38,2
4,39,2
4,40,2
4,41,2
4,42,2
4,43,2
4,44,2
4,45,3
4,46,1
4,47,1
4,48,1
4,49,2
4,50,2
4,51,2
4,52,2
4,53,2
4,54,2
4,55,2
4,56,2
4,57,2
4,58,2
4,59,2
4,60,2
4,61,2
4,62,2
4,63,2
4,64,2
4,65,2
4,66,2
4,67,2
4,68,2
4,69,2
5,0,2
5,1,2
5,2,2
5,3,2
5,4,2
5,5,2
5,6,2
5,7,2
5,8,2
5,9,2
5,10,2
5,11,2
5,12,2
5,13,2
5,14,2
5,15,2
5,16,2
5,17,2
5,18,2
5,19,2
5,20,2
5,21,2
5,22,2
5,23,3
5,24,3
5,25,3
5,26,2
5,27,2
5,28,2
5,29,2
5,30,2
5,31,2
5,32,2
5,33,3
5,34,2
5,35,2
5,36,3
5,37,2
5,38,3
5,39,2
5,40,2
5,41,3
5,42,2
5,43,2
5,44,2
5,45,2
5,46,2
5,47,3
5,48,1
5,49,1
5,50,2
5,51,2
5,52,2
5,53,2
5,54,2
5,55,2
5,56,2
5,57,2
5,58,2
5,59,2
5,60,2
5,61,2
5,62,2
5,63,2
5,64,2
5,65,2
5,66,2
5,67,2
5,68,2
5,69,2
6,0,2
6,1,2
6,2,2
6,3,2
6,4,2
6,5,2
6,6,2
6,7,2
6,8,2
6,9,2
6,10,2
6,11,2
6,12,2
6,13,2
6,14,2
6,15,2
6,16,2
6,17,2
6,18,2
6,19,2
6,20,2
6,21,3
6,22,2
6,23,3
6,24,2
6,25,2
6,26,2
6,27,2
6,28,3
6,29,2
6,30,3
6,31,3
6,32,2
6,33,3
6,34,2
6,35,2
6,36,2
6,37,2
6,38,2
6,39,3
6,40,2
6,41,3
6,42,2
6,43,3
6,44,3
6,45,2
6,46,2
6,47,2
6,48,2
6,49,2
6,50,1
6,51,1
6,52,2
6,53,2
6,54,2
6,55,2
6,56,2
6,57,2
6,58,2
6,59,2
6,60,2
6,61,2
6,62,2
6,63,2
6,64,2
6,65,2
6,66,2
6,67,2
6,68,2
6,69,2
7,0,2
7,1,2
7,2,2
7,3,2
7,4,2
7,5,2
7,6,2
7,7,2
7,8,2
7,9,2
7,10,2
7,11,2
7,12,2
7,13,2
7,14,2
7,15,2
7,16,2
7,17,2
7,18,1
7,19,2
7,20,2
7,21,3
7,22,3
7,23,2
7,24,2
7,25,2
7,26,3
7,27,2
7,28,3
7,29,2
7,30,3
7,31,2
7,32,3
7,33,3
7,34,3
7,35,3
7,36,2
7,37,3
7,38,2
7,39,3
7,40,2
7,41,3
7,42,2
7,43,3
7,44,2
7,45,3
7,46,3
7,47,2
7,48,2
7,49,2
7,50,2
7,51,1
7,52,3
7,53,3
7,54,2
7,55,2
7,56,3
7,57,2
7,58,2
7,59,2
7,60,2
7,61,2
7,62,2
7,63,2
7,64,2
7,65,2
7,66,2
7,67,2
7,68,2
7,69,2
8,0,2
8,1,2
8,2,2
8,3,2
8,4,2
8,5,2
8,6,2
8,7,2
8,8,2
8,9,2
8,10,2
8,11,2
8,12,2
8,13,2
8,14,2
8,15,2
8,16,1
8,17,2
8,18,2
8,19,2
8,20,3
8,21,3
8,22,2
8,23,2
8,24,3
8,25,2
8,26,3
8,27,2
8,28,3
8,29,2
8,30,2
8,31,3
8,32,2
8,33,2
8,34,2
8,35,3
8,36,2
8,37,3
8,38,2
8,39,3
8,40,2
8,41,3
8,42,2
8,43,3
8,44,2
8,45,3
8,46,2
8,47,3
8,48,3
8,49,2
8,50,2
8,51,2
8,52,2
8,53,3
8,54,3
8,55,2
8,56,2
8,57,2
8,58,2
8,59,2
8,60,2
8,61,2
8,62,2
8,63,2
8,64,2
8,65,2
8,66,2
8,67,2
8,68,2
8,69,2
9,0,2
9,1,2
9,2,2
9,3,2
9,4,2
9,5,2
9,6,2
9,7,2
9,8,2
9,9,2
9,10,2
9,11,2
9,12,2
9,13,2
9,14,1
9,15,2
9,16,2
9,17,2
9,18,1
9,19,3
9,20,2
9,21,2
9,22,2
9,23,3
9,24,3
9,25,3
9,26,2
9,27,3
9,28,2
9,29,3
9,30,2
9,31,3
9,32,2
9,33,3
9,34,2
9,35,3
9,36,2
9,37,3
9,38,2
9,39,3
9,40,2
9,41,3
9,42,2
9,43,2
9,44,3
9,45,2
9,46,3
9,47,2
9,48,2
9,49,3
9,50,3
9,51,2
9,52,2
9,53,2
9,54,3
9,55,2
9,56,2
9,57,2
9,58,2
9,59,1
9,60,2
9,61,2
9,62,2
9,63,2
9,64,2
9,65,2
9,66,2
9,67,2
9,68,2
9,69,2
10,0,2
10,1,2
10,2,2
10,3,2
10,4,2
10,5,2
10,6,2
10,7,2
10,8,2
10,9,2
10,10,2
10,11,2
10,12,2
10,13,2
10,14,2
10,15,2
10,16,2
10,17,2
10,18,3
10,19,2
10,20,2
10,21,2
10,22,3
10,23,3
10,24,2
10,25,3
10,26,2
10,27,3
10,28,2
10,29,2
10,30,3
10,31,2
10,32,2
10,33,3
10,34,2
10,35,3
10,36,3
10,37,2
10,38,3
10,39,2
10,40,2
10,41,2
10,42,3
10,43,2
10,44,2
10,45,3
10,46,2
10,47,3
10,48,2
10,49,2
10,50,3
10,51,2
10,52,3
10,53,2
10,54,2
10,55,3
10,56,3
10,57,2
10,58,2
10,59,2
10,60,2
10,61,2
10,62,2
10,63,2
10,64,2
10,65,2
10,66,2
10,67,2
10,68,2
10,69,2
11,0,2
11,1,2
11,2,2
11,3,2
11,4,2
11,5,2
11,6,2
11,7,2
11,8,2
11,9,2
11,10,2
11,11,2
11,12,1
11,13,2
11,14,2
11,15,2
11,16,3
11,17,3
11,18,2
11,19,2
11,20,3
11,21,3
11,22,2
11,23,3
11,24,2
11,25,3
11,26,2
11,27,2
11,28,3
11,29,2
11,30,2
11,31,3
11,32,2
11,33,2
11,34,3
11,35,2
11,36,3
11,37,2
11,38,3
11,39,2
11,40,3
11,41,2
11,42,2
11,43,3
11,44,2
11,45,2
11,46,3
11,47,2
11,48,3
11,49,2
11,50,3
11,51,2
11,52,3
11,53,2
11,54,2
11,55,2
11,56,3
11,57,2
11,58,2
11,59,2
11,60,2
11,61,2
11,62,1
11,63,2
11,64,2
11,65,2
11,66,2
11,67,2
11,68,2
11,69,2
12,0,2
12,1,2
12,2,2
12,3,2
12,4,2
12,5,2
12,6,2
12,7,2
12,8,2
12,9,2
12,10,1
12,11,2
12,12,2
12,13,2
12,14,2
12,15,2
12,16,3
12,17,2
12,18,2
12,19,2
12,20,3
12,21,2
12,22,3
12,23,2
12,24,3
12,25,2
12,26,3
12,27,2
12,28,2
12,29,3
12,30,2
12,31,2
12,32,3
12,33,2
12,34,3
12,35,2
12,36,3
12,37,2
12,38,3
12,39,2
12,40,3
12,41,3
12,42,2
12,43,2
12,44,1
12,45,2
12,46,2
12,47,2
12,48,3
12,49,2
12,50,2
12,51,3
12,52,2
12,53,3
12,54,2
12,55,2
12,56,4
12,57,4
12,58,2
12,59,2
12,60,2
12,61,2
12,62,2
12,63,2
12,64,2
12,65,2
12,66,2
12,67,2
12,68,2
12,69,2
13,0,2
13,1,2
13,2,2
13,3,2
13,4,2
13,5,2
13,6,2
13,7,2
13,8,2
13,9,2
13,10,2
13,11,2
13,12,2
13,13,2
13,14,3
13,15,3
13,16,2
13,17,2
13,18,3
13,19,2
13,20,3
13,21,2
13,22,2
13,23,3
13,24,2
13,25,3
13,26,2
13,27,3
13,28,2
13,29,2
13,30,3
13,31,2
13,32,3
13,33,2
13,34,3
13,35,2
13,36,3
13,37,3
13,38,2
13,39,3
13,40,2
13,41,2
13,42,3
13,43,2
13,44,2
13,45,1
13,46,2
13,47,3
13,48,2
13,49,3
13,50,2
13,51,3
13,52,2
13,53,3
13,54,3
13,55,2
13,56,2
13,57,2
13,58,1
13,59,2
13,60,2
13,61,2
13,62,2
13,63,2
13,64,2
13,65,2
13,66,2
13,67,2
13,68,2
13,69,2
14,0,2
14,1,2
14,2,2
14,3,2
14,4,2
14,5,2
14,6,2
14,7,2
14,8,1
14,9,2
14,10,2
14,11,2
14,12,2
14,13,2
14,14,3
14,15,2
14,16,2
14,17,2
14,18,3
14,19,2
14,20,3
14,21,3
14,22,2
14,23,3
14,24,2
14,25,3
14,26,2
14,27,3
14,28,2
14,29,2
14,30,3
14,31,2
14,32,3
14,33,2
14,34,3
14,35,2
14,36,2
14,37,3
14,38,2
14,39,2
14,40,3
14,41,3
14,42,2
14,43,3
14,44,2
14,45,2
14,46,1
14,47,2
14,48,2
14,49,3
14,50,2
14,51,3
14,52,2
14,53,2
14,54,2
14,55,4
14,56,2
14,57,2
14,58,1
14,59,2
14,60,2
14,61,2
14,62,2
14,63,2
14,64,2
14,65,1
14,66,2
14,67,2
14,68,2
14,69,2
15,0,2
15,1,2
15,2,2
15,3,2
15,4,2
15,5,2
15,6,2
15,7,2
15,8,2
15,9,2
15,10,2
15,11,2
15,12,2
15,13,3
15,14,2
15,15,2
15,16,3
15,17,2
15,18,3
15,19,2
15,20,2
15,21,3
15,22,2
15,23,2
15,24,3
15,25,2
15,26,3
15,27,2
15,28,2
15,29,3
15,30,2
15,31,2
15,32,3
15,33,2
15,34,2
15,35,3
15,36,2
15,37,3
15,38,2
15,39,3
15,40,2
15,41,2
15,42,3
15,43,2
15,44,2
15,45,1
15,46,2
15,47,2
15,48,3
15,49,2
15,50,3
15,51,2
15,52,3
15,53,2
15,54,4
15,55,2
15,56,4
15,57,2
15,58,2
15,59,1
15,60,2
15,61,2
15,62,1
15,63,2
15,64,2
15,65,2
15,66,2
15,67,2
15,68,2
15,69,2
16,0,2
16,1,2
16,2,2
16,3,2
16,4,2
16,5,2
16,6,2
16,7,2
16,8,2
16,9,2
16,10,2
16,11,2
16,12,3
16,13,3
16,14,2
16,15,2
16,16,2
16,17,3
16,18,2
16,19,3
16,20,2
16,21,3
16,22,2
16,23,3
16,24,2
16,25,3
16,26,2
16,27,2
16,28,1
16,29,2
16,30,2
16,31,3
16,32,2
16,33,3
16,34,2
16,35,3
16,36,2
16,37,3
16,38,2
16,39,2
16,40,3
16,41,2
16,42,2
16,43,3
16,44,2
16,45,2
16,46,1
16,47,2
16,48,2
16,49,3
16,50,2
16,51,2
16,52,2
16,53,3
16,54,2
16,55,4
16,56,2
16,57,4
16,58,2
16,59,5
16,60,2
16,61,2
16,62,2
16,63,2
16,64,2
16,65,2
16,66,2
16,67,2
16,68,2
16,69,2
17,0,2
17,1,2
17,2,2
17,3,2
17,4,2
17,5,2
17,6,1
17,7,2
17,8,2
17,9,2
17,10,2
17,11,1
17,12,3
17,13,2
17,14,2
17,15,3
17,16,3
17,17,3
17,18,2
17,19,3
17,20,2
17,21,3
17,22,2
17,23,2
17,24,3
17,25,2
17,26,2
17,27,1
17,28,2
17,29,2
17,30,3
17,31,2
17,32,2
17,33,3
17,34,2
17,35,3
17,36,2
17,37,3
17,38,2
17,39,3
17,40,2
17,41,2
17,42,1
17,43,2
17,44,2
17,45,2
17,46,2
17,47,3
17,48,2
17,49,2
17,50,2
17,51,1
17,52,2
17,53,5
17,54,2
17,55,5
17,56,2
17,57,2
17,58,2
17,59,2
17,60,1
17,61,2
17,62,2
17,63,2
17,64,2
17,65,2
17,66,2
17,67,2
17,68,2
17,69,2
18,0,2
18,1,2
18,2,2
18,3,2
18,4,2
18,5,2
18,6,2
18,7,2
18,8,2
18,9,2
18,10,1
18,11,2
18,12,2
18,13,2
18,14,3
18,15,2
18,16,3
18,17,2
18,18,3
18,19,2
18,20,3
18,21,2
18,22,3
18,23,2
18,24,2
18,25,3
18,26,2
18,27,2
18,28,2
18,29,3
18,30,2
18,31,3
18,32,2
18,33,3
18,34,2
18,35,3
18,36,2
18,37,3
18,38,2
18,39,2
18,40,1
18,41,2
18,42,2
18,43,2
18,44,3
18,45,2
18,46,3
18,47,2
18,48,2
18,49,3
18,50,2
18,51,2
18,52,2
18,53,2
18,54,2
18,55,2
18,56,5
18,57,5
18,58,2
18,59,2
18,60,2
18,61,1
18,62,2
18,63,2
18,64,2
18,65,2
18,66,2
18,67,1
18,68,2
18,69,2
19,0,2
19,1,2
19,2,2
19,3,2
19,4,2
19,5,2
19,6,2
19,7,2
19,8,2
19,9,2
19,10,1
19,11,2
19,12,2
19,13,3
19,14,2
19,15,3
19,16,3
19,17,2
19,18,3
19,19,2
19,20,3
19,21,2
19,22,2
19,23,1
19,24,2
19,25,2
19,26,2
19,27,1
19,28,2
19,29,2
19,30,3
19,31,2
19,32,3
19,33,2
19,34,3
19,35,2
19,36,2
19,37,3
19,38,2
19,39,3
19,40,2
19,41,2
19,42,3
19,43,2
19,44,2
19,45,3
19,46,2
19,47,3
19,48,2
19,49,2
19,50,1
19,51,2
19,52,1
19,53,2
19,54,5
19,55,2
19,56,5
19,57,2
19,58,5
19,59,2
19,60,2
19,61,2
19,62,1
19,63,2
19,64,2
19,65,2
19,66,2
19,67,2
19,68,2
19,69,2
20,0,2
20,1,2
20,2,2
20,3,2
20,4,2
20,5,2
20,6,2
20,7,2
20,8,2
20,9,1
20,10,2
20,11,2
20,12,3
20,13,2
20,14,3
20,15,2
20,16,3
20,17,2
20,18,3
20,19,2
20,20,2
20,21,3
20,22,2
20,23,2
20,24,1
20,25,2
20,26,1
20,27,2
20,28,2
20,29,2
20,30,2
20,31,3
20,32,2
20,33,2
20,34,3
20,35,2
20,36,3
20,37,2
20,38,2
20,39,2
20,40,2
20,41,2
20,42,2
20,43,3
20,44,2
20,45,3
20,46,2
20,47,3
20,48,2
20,49,3
20,50,2
20,51,1
20,52,2
20,53,5
20,54,2
20,55,5
20,56,2
20,57,5
20,58,2
20,59,5
20,60,2
20,61,2
20,62,2
20,63,2
20,64,2
20,65,2
20,66,2
20,67,2
20,68,2
20,69,2
21,0,2
21,1,2
21,2,2
21,3,2
21,4,2
21,5,2
21,6,1
21,7,2
21,8,2
21,9,1
21,10,2
21,11,2
21,12,2
21,13,3
21,14,2
21,15,3
21,16,2
21,17,3
21,18,2
21,19,2
21,20,3
21,21,2
21,22,2
21,23,1
21,24,2
21,25,2
21,26,2
21,27,2
21,28,3
21,29,2
21,30,3
21,31,2
21,32,2
21,33,3
21,34,2
21,35,3
21,36,2
21,37,3
21,38,2
21,39,3
21,40,2
21,41,3
21,42,2
21,43,3
21,44,2
21,45,3
21,46,2
21,47,3
21,48,2
21,49,3
21,50,2
21,51,2
21,52,2
21,53,2
21,54,5
21,55,2
21,56,5
21,57,2
21,58,5
21,59,2
21,60,1
21,61,2
21,62,1
21,63,2
21,64,2
21,65,2
21,66,2
21,67,2
21,68,2
21,69,2
22,0,2
22,1,2
22,2,2
22,3,2
22,4,2
22,5,2
22,6,2
22,7,2
22,8,1
22,9,2
22,10,2
22,11,2
22,12,3
22,13,2
22,14,3
22,15,2
22,16,2
22,17,2
22,18,3
22,19,2
22,20,2
22,21,2
22,22,1
22,23,2
22,24,2
22,25,3
22,26,2
22,27,3
22,28,2
22,29,2
22,30,2
22,31,2
22,32,1
22,33,2
22,34,2
22,35,2
22,36,2
22,37,2
22,38,2
22,39,2
22,40,2
22,41,2
22,42,3
22,43,2
22,44,3
22,45,2
22,46,3
22,47,2
22,48,3
22,49,2
22,50,3
22,51,2
22,52,3
22,53,2
22,54,2
22,55,5
22,56,2
22,57,5
22,58,2
22,59,2
22,60,2
22,61,2
22,62,2
22,63,1
22,64,2
22,65,2
22,66,2
22,67,1
22,68,2
22,69,2
23,0,2
23,1,2
23,2,2
23,3,2
23,4,2
23,5,2
23,6,2
23,7,2
23,8,1
23,9,2
23,10,2
23,11,2
23,12,3
23,13,2
23,14,3
23,15,2
23,16,3
23,17,2
23,18,2
23,19,3
23,20,2
23,21,3
23,22,2
23,23,2
23,24,3
23,25,2
23,26,2
23,27,2
23,28,3
23,29,2
23,30,3
23,31,2
23,32,2
23,33,2
23,34,1
23,35,2
23,36,3
23,37,2
23,38,2
23,39,3
23,40,2
23,41,3
23,42,3
23,43,2
23,44,3
23,45,2
23,46,3
23,47,2
23,48,2
23,49,2
23,50,3
23,51,2
23,52,2
23,53,5
23,54,2
23,55,2
23,56,2
23,57,5
23,58,2
23,59,5
23,60,2
23,61,2
23,62,2
23,63,2
23,64,2
23,65,2
23,66,2
23,67,2
23,68,2
23,69,2
24,0,2
24,1,2
24,2,2
24,3,2
24,4,2
24,5,2
24,6,2
24,7,1
24,8,2
24,9,2
24,10,2
24,11,3
24,12,2
24,13,3
24,14,2
24,15,3
24,16,2
24,17,2
24,18,1
24,19,2
24,20,2
24,21,3
24,22,2
24,23,3
24,24,2
24,25,2
24,26,3
24,27,2
24,28,3
24,29,2
24,30,2
24,31,2
24,32,3
24,33,2
24,34,2
24,35,2
24,36,2
24,37,2
24,38,2
24,39,3
24,40,3
24,41,2
24,42,3
24,43,2
24,44,3
24,45,2
24,46,3
24,47,2
24,48,3
24,49,2
24,50,3
24,51,2
24,52,3
24,53,2
24,54,5
24,55,2
24,56,2
24,57,5
24,58,2
24,59,5
24,60,2
24,61,2
24,62,2
24,63,1
24,64,1
24,65,2
24,66,2
24,67,2
24,68,2
24,69,2
25,0,2
25,1,2
25,2,2
25,3,2
25,4,2
25,5,1
25,6,2
25,7,1
25,8,2
25,9,2
25,10,2
25,11,3
25,12,3
25,13,2
25,14,3
25,15,2
25,16,3
25,17,2
25,18,2
25,19,3
25,20,2
25,21,3
25,22,2
25,23,3
25,24,2
25,25,2
25,26,2
25,27,3
25,28,3
25,29,3
25,30,3
25,31,2
25,32,2
25,33,2
25,34,3
25,35,2
25,36,3
25,37,2
25,38,3
25,39,2
25,40,3
25,41,3
25,42,2
25,43,3
25,44,2
25,45,3
25,46,3
25,47,2
25,48,3
25,49,2
25,50,2
25,51,2
25,52,2
25,53,2
25,54,2
25,55,1
25,56,2
25,57,2
25,58,2
25,59,2
25,60,1
25,61,2
25,62,2
25,63,2
25,64,2
25,65,2
25,66,2
25,67,2
25,68,2
25,69,2
26,0,2
26,1,2
26,2,2
26,3,2
26,4,2
26,5,2
26,6,1
26,7,2
26,8,2
26,9,2
26,10,2
26,11,3
26,12,2
26,13,3
26,14,2
26,15,2
26,16,2
26,17,3
26,18,2
26,19,2
26,20,3
26,21,2
26,22,3
26,23,2
26,24,3
26,25,2
26,26,3
26,27,2
26,28,3
26,29,3
26,30,3
26,31,3
26,32,3
26,33,2
26,34,2
26,35,2
26,36,2
26,37,3
26,38,3
26,39,2
26,40,2
26,41,3
26,42,2
26,43,3
26,44,3
26,45,2
26,46,3
26,47,2
26,48,3
26,49,2
26,50,3
26,51,3
26,52,2
26,53,3
26,54,2
26,55,1
26,56,2
26,57,1
26,58,2
26,59,1
26,60,2
26,61,2
26,62,2
26,63,2
26,64,1
26,65,2
26,66,2
26,67,2
26,68,2
26,69,2
27,0,2
27,1,2
27,2,2
27,3,2
27,4,2
27,5,2
27,6,1
27,7,2
27,8,2
27,9,2
27,10,3
27,11,3
27,12,2
27,13,3
27,14,2
27,15,3
27,16,2
27,17,2
27,18,3
27,19,2
27,20,2
27,21,3
27,22,2
27,23,3
27,24,2
27,25,2
27,26,2
27,27,3
27,28,2
27,29,3
27,30,3
27,31,3
27,32,3
27,33,2
27,34,3
27,35,3
27,36,3
27,37,2
27,38,2
27,39,3
27,40,2
27,41,2
27,42,3
27,43,2
27,44,3
27,45,3
27,46,2
27,47,3
27,48,2
27,49,3
27,50,2
27,51,2
27,52,3
27,53,2
27,54,3
27,55,2
27,56,2
27,57,2
27,58,1
27,59,2
27,60,1
27,61,2
27,62,1
27,63,2
27,64,2
27,65,1
27,66,2
27,67,2
27,68,2
27,69,2
28,0,2
28,1,2
28,2,2
28,3,2
28,4,2
28,5,1
28,6,2
28,7,2
28,8,2
28,9,2
28,10,3
28,11,2
28,12,3
28,13,2
28,14,3
28,15,2
28,16,3
28,17,2
28,18,3
28,19,2
28,20,3
28,21,2
28,22,2
28,23,3
28,24,2
28,25,3
28,26,2
28,27,2
28,28,3
28,29,2
28,30,2
28,31,3
28,32,3
28,33,3
28,34,3
28,35,2
28,36,3
28,37,2
28,38,3
28,39,2
28,40,2
28,41,3
28,42,2
28,43,3
28,44,2
28,45,3
28,46,2
28,47,3
28,48,2
28,49,3
28,50,2
28,51,3
28,52,2
28,53,2
28,54,2
28,55,1
28,56,2
28,57,1
28,58,2
28,59,2
28,60,2
28,61,2
28,62,2
28,63,2
28,64,2
28,65,1
28,66,2
28,67,2
28,68,2
28,69,2
29,0,2
29,1,2
29,2,2
29,3,2
29,4,2
29,5,1
29,6,2
29,7,2
29,8,2
29,9,3
29,10,2
29,11,3
29,12,2
29,13,3
29,14,2
29,15,3
29,16,2
29,17,3
29,18,2
29,19,2
29,20,3
29,21,2
29,22,3
29,23,2
29,24,2
29,25,2
29,26,3
29,27,2
29,28,2
29,29,3
29,30,2
29,31,3
29,32,3
29,33,3
29,34,2
29,35,3
29,36,2
29,37,3
29,38,2
29,39,2
29,40,3
29,41,2
29,42,2
29,43,3
29,44,2
29,45,3
29,46,3
29,47,2
29,48,3
29,49,2
29,50,3
29,51,2
29,52,3
29,53,3
29,54,2
29,55,2
29,56,3
29,57,2
29,58,3
29,59,2
29,60,3
29,61,2
29,62,3
29,63,2
29,64,2
29,65,1
29,66,2
29,67,2
29,68,2
29,69,2
30,0,2
30,1,2
30,2,2
30,3,2
30,4,2
30,5,1
30,6,2
30,7,2
30,8,2
30,9,2
30,10,3
30,11,2
30,12,2
30,13,2
30,14,2
30,15,2
30,16,2
30,17,2
30,18,3
30,19,2
30,20,3
30,21,2
30,22,3
30,23,2
30,24,3
30,25,2
30,26,2
30,27,3
30,28,2
30,29,2
30,30,3
30,31,2
30,32,3
30,33,3
30,34,3
30,35,3
30,36,2
30,37,2
30,38,2
30,39,2
30,40,2
30,41,3
30,42,2
30,43,3
30,44,2
30,45,3
30,46,2
30,47,3
30,48,3
30,49,2
30,50,3
30,51,2
30,52,2
30,53,3
30,54,2
30,55,3
30,56,2
30,57,2
30,58,2
30,59,3
30,60,2
30,61,3
30,62,2
30,63,2
30,64,2
30,65,2
30,66,1
30,67,2
30,68,2
30,69,2
31,0,2
31,1,2
31,2,2
31,3,2
31,4,1
31,5,2
31,6,2
31,7,2
31,8,3
31,9,2
31,10,3
31,11,3
31,12,2
31,13,3
31,14,3
31,15,2
31,16,3
31,17,2
31,18,3
31,19,2
31,20,3
31,21,2
31,22,3
31,23,2
31,24,2
31,25,1
31,26,2
31,27,2
31,28,3
31,29,2
31,30,2
31,31,2
31,32,3
31,33,3
31,34,2
31,35,3
31,36,2
31,37,3
31,38,2
31,39,3
31,40,2
31,41,2
31,42,3
31,43,2
31,44,3
31,45,2
31,46,3
31,47,3
31,48,3
31,49,2
31,50,3
31,51,2
31,52,3
31,53,2
31,54,3
31,55,2
31,56,2
31,57,3
31,58,2
31,59,2
31,60,3
31,61,2
31,62,2
31,63,2
31,64,2
31,65,2
31,66,1
31,67,2
31,68,2
31,69,2
32,0,2
32,1,2
32,2,2
32,3,2
32,4,2
32,5,1
32,6,2
32,7,2
32,8,2
32,9,3
32,10,3
32,11,2
32,12,3
32,13,2
32,14,3
32,15,2
32,16,2
32,17,3
32,18,2
32,19,3
32,20,2
32,21,3
32,22,2
32,23,3
32,24,2
32,25,1
32,26,2
32,27,2
32,28,2
32,29,3
32,30,2
32,31,3
32,32,3
32,33,3
32,34,3
32,35,3
32,36,2
32,37,2
32,38,2
32,39,2
32,40,3
32,41,2
32,42,2
32,43,3
32,44,3
32,45,3
32,46,3
32,47,2
32,48,3
32,49,2
32,50,3
32,51,2
32,52,3
32,53,2
32,54,3
32,55,2
32,56,3
32,57,2
32,58,3
32,59,2
32,60,3
32,61,3
32,62,3
32,63,2
32,64,2
32,65,2
32,66,1
32,67,2
32,68,2
32,69,2
33,0,2
33,1,2
33,2,2
33,3,2
33,4,1
33,5,2
33,6,2
33,7,3
33,8,2
33,9,3
33,10,2
33,11,3
33,12,3
33,13,2
33,14,3
33,15,2
33,16,3
33,17,2
33,18,2
33,19,3
33,20,2
33,21,2
33,22,3
33,23,2
33,24,2
33,25,2
33,26,1
33,27,2
33,28,3
33,29,2
33,30,3
33,31,2
33,32,3
33,33,3
33,34,2
33,35,3
33,36,2
33,37,3
33,38,2
33,39,2
33,40,2
33,41,3
33,42,2
33,43,3
33,44,2
33,45,3
33,46,1
33,47,3
33,48,3
33,49,3
33,50,2
33,51,3
33,52,2
33,53,3
33,54,2
33,55,3
33,56,2
33,57,3
33,58,2
33,59,2
33,60,2
33,61,2
33,62,3
33,63,2
33,64,2
33,65,2
33,66,1
33,67,2
33,68,2
33,69,2
34,0,2
34,1,2
34,2,2
34,3,2
34,4,1
34,5,2
34,6,2
34,7,2
34,8,3
34,9,3
34,10,2
34,11,2
34,12,3
34,13,2
34,14,3
34,15,2
34,16,2
34,17,3
34,18,2
34,19,2
34,20,3
34,21,2
34,22,2
34,23,3
34,24,2
34,25,1
34,26,2
34,27,2
34,28,2
34,29,2
34,30,2
34,31,3
34,32,3
34,33,3
34,34,3
34,35,3
34,36,2
34,37,2
34,38,3
34,39,2
34,40,3
34,41,2
34,42,3
34,43,2
34,44,3
34,45,3
34,46,3
34,47,3
34,48,1
34,49,3
34,50,2
34,51,3
34,52,2
34,53,3
34,54,2
34,55,3
34,56,2
34,57,3
34,58,2
34,59,3
34,60,3
34,61,2
34,62,3
34,63,2
34,64,1
34,65,2
34,66,2
34,67,1
34,68,2
34,69,2
35,0,2
35,1,2
35,2,2
35,3,1
35,4,2
35,5,2
35,6,3
35,7,2
35,8,3
35,9,3
35,10,2
35,11,3
35,12,2
35,13,2
35,14,2
35,15,3
35,16,2
35,17,2
35,18,3
35,19,3
35,20,2
35,21,3
35,22,2
35,23,1
35,24,2
35,25,2
35,26,1
35,27,2
35,28,3
35,29,2
35,30,3
35,31,3
35,32,3
35,33,2
35,34,3
35,35,3
35,36,3
35,37,2
35,38,2
35,39,2
35,40,2
35,41,3
35,42,2
35,43,3
35,44,2
35,45,3
35,46,1
35,47,3
35,48,3
35,49,3
35,50,3
35,51,2
35,52,3
35,53,2
35,54,3
35,55,2
35,56,3
35,57,2
35,58,3
35,59,2
35,60,2
35,61,3
35,62,2
35,63,2
35,64,2
35,65,2
35,66,2
35,67,1
35,68,2
35,69,2
36,0,2
36,1,2
36,2,2
36,3,2
36,4,1
36,5,2
36,6,2
36,7,2
36,8,3
36,9,3
36,10,2
36,11,3
36,12,2
36,13,3
36,14,2
36,15,2
36,16,3
36,17,2
36,18,3
36,19,2
36,20,3
36,21,2
36,22,3
36,23,2
36,24,1
36,25,2
36,26,2
36,27,1
36,28,2
36,29,2
36,30,2
36,31,3
36,32,3
36,33,2
36,34,2
36,35,3
36,36,2
36,37,2
36,38,3
36,39,2
36,40,2
36,41,2
36,42,3
36,43,3
36,44,3
36,45,2
36,46,3
36,47,3
36,48,3
36,49,1
36,50,3
36,51,3
36,52,2
36,53,3
36,54,2
36,55,3
36,56,2
36,57,3
36,58,2
36,59,3
36,60,2
36,61,3
36,62,2
36,63,3
36,64,2
36,65,1
36,66,2
36,67,1
36,68,2
36,69,2
37,0,2
37,1,2
37,2,2
37,3,1
37,4,2
37,5,2
37,6,3
37,7,2
37,8,3
37,9,2
37,10,3
37,11,3
37,12,2
37,13,3
37,14,2
37,15,3
37,16,2
37,17,2
37,18,3
37,19,2
37,20,3
37,21,2
37,22,2
37,23,2
37,24,2
37,25,1
37,26,2
37,27,2
37,28,3
37,29,2
37,30,2
37,31,2
37,32,3
37,33,2
37,34,3
37,35,2
37,36,2
37,37,2
37,38,2
37,39,1
37,40,2
37,41,3
37,42,2
37,43,2
37,44,3
37,45,3
37,46,3
37,47,2
37,48,3
37,49,3
37,50,3
37,51,2
37,52,3
37,53,3
37,54,2
37,55,3
37,56,3
37,57,2
37,58,3
37,59,2
37,60,3
37,61,2
37,62,3
37,63,2
37,64,2
37,65,2
37,66,2
37,67,1
37,68,2
37,69,2
38,0,2
38,1,2
38,2,2
38,3,1
38,4,2
38,5,2
38,6,2
38,7,3
38,8,2
38,9,3
38,10,2
38,11,3
38,12,2
38,13,3
38,14,2
38,15,3
38,16,2
38,17,3
38,18,2
38,19,3
38,20,2
38,21,3
38,22,2
38,23,1
38,24,2
38,25,1
38,26,2
38,27,2
38,28,2
38,29,3
38,30,2
38,31,3
38,32,2
38,33,2
38,34,2
38,35,1
38,36,2
38,37,1
38,38,2
38,39,2
38,40,2
38,41,2
38,42,3
38,43,3
38,44,2
38,45,3
38,46,3
38,47,3
38,48,3
38,49,1
38,50,3
38,51,3
38,52,2
38,53,3
38,54,2
38,55,3
38,56,2
38,57,3
38,58,2
38,59,3
38,60,2
38,61,3
38,62,2
38,63,3
38,64,2
38,65,1
38,66,2
38,67,2
38,68,2
38,69,2
39,0,2
39,1,2
39,2,2
39,3,2
39,4,2
39,5,3
39,6,2
39,7,3
39,8,2
39,9,3
39,10,2
39,11,3
39,12,2
39,13,3
39,14,2
39,15,2
39,16,3
39,17,2
39,18,2
39,19,3
39,20,2
39,21,2
39,22,3
39,23,2
39,24,2
39,25,1
39,26,2
39,27,1
39,28,2
39,29,2
39,30,3
39,31,2
39,32,2
39,33,3
39,34,2
39,35,2
39,36,2
39,37,2
39,38,2
39,39,1
39,40,2
39,41,3
39,42,2
39,43,2
39,44,3
39,45,2
39,46,2
39,47,3
39,48,3
39,49,3
39,50,3
39,51,3
39,52,2
39,53,3
39,54,2
39,55,3
39,56,2
39,57,3
39,58,2
39,59,2
39,60,3
39,61,2
39,62,3
39,63,2
39,64,2
39,65,2
39,66,2
39,67,1
39,68,2
39,69,2
40,0,2
40,1,2
40,2,2
40,3,3
40,4,2
40,5,2
40,6,2
40,7,3
40,8,2
40,9,3
40,10,2
40,11,3
40,12,2
40,13,2
40,14,3
40,15,2
40,16,3
40,17,2
40,18,3
40,19,2
40,20,3
40,21,2
40,22,2
40,23,1
40,24,2
40,25,2
40,26,2
40,27,2
40,28,1
40,29,2
40,30,2
40,31,1
40,32,2
40,33,1
40,34,2
40,35,1
40,36,2
40,37,1
40,38,2
40,39,2
40,40,2
40,41,2
40,42,3
40,43,2
40,44,3
40,45,2
40,46,3
40,47,2
40,48,3
40,49,2
40,50,3
40,51,2
40,52,3
40,53,2
40,54,3
40,55,2
40,56,2
40,57,3
40,58,2
40,59,3
40,60,2
40,61,2
40,62,3
40,63,2
40,64,3
40,65,2
40,66,2
40,67,1
40,68,2
40,69,2
41,0,2
41,1,2
41,2,2
41,3,3
41,4,2
41,5,3
41,6,2
41,7,2
41,8,3
41,9,2
41,10,3
41,11,2
41,12,3
41,13,3
41,14,2
41,15,3
41,16,2
41,17,3
41,18,2
41,19,3
41,20,2
41,21,3
41,22,2
41,23,2
41,24,1
41,25,2
41,26,1
41,27,2
41,28,2
41,29,1
41,30,2
41,31,2
41,32,2
41,33,1
41,34,2
41,35,2
41,36,1
41,37,2
41,38,2
41,39,1
41,40,2
41,41,1
41,42,2
41,43,2
41,44,3
41,45,2
41,46,3
41,47,2
41,48,3
41,49,3
41,50,3
41,51,3
41,52,2
41,53,3
41,54,2
41,55,3
41,56,2
41,57,3
41,58,2
41,59,2
41,60,3
41,61,2
41,62,3
41,63,2
41,64,2
41,65,1
41,66,2
41,67,1
41,68,2
41,69,2
42,0,2
42,1,2
42,2,2
42,3,3
42,4,2
42,5,2
42,6,2
42,7,3
42,8,2
42,9,3
42,10,2
42,11,3
42,12,2
42,13,3
42,14,2
42,15,2
42,16,3
42,17,2
42,18,3
42,19,2
42,20,3
42,21,2
42,22,3
42,23,2
42,24,2
42,25,1
42,26,2
42,27,1
42,28,2
42,29,2
42,30,1
42,31,2
42,32,1
42,33,2
42,34,1
42,35,2
42,36,2
42,37,2
42,38,2
42,39,2
42,40,1
42,41,2
42,42,2
42,43,3
42,44,2
42,45,3
42,46,2
42,47,3
42,48,2
42,49,3
42,50,3
42,51,2
42,52,3
42,53,2
42,54,3
42,55,2
42,56,3
42,57,2
42,58,3
42,59,2
42,60,3
42,61,2
42,62,3
42,63,2
42,64,3
42,65,2
42,66,2
42,67,2
42,68,1
42,69,2
43,0,2
43,1,2
43,2,2
43,3,3
43,4,2
43,5,2
43,6,3
43,7,3
43,8,2
43,9,3
43,10,2
43,11,2
43,12,3
43,13,2
43,14,3
43,15,2
43,16,3
43,17,2
43,18,2
43,19,3
43,20,2
43,21,2
43,22,2
43,23,3
43,24,2
43,25,2
43,26,2
43,27,2
43,28,1
43,29,2
43,30,2
43,31,6
43,32,2
43,33,2
43,34,2
43,35,6
43,36,2
43,37,6
43,38,2
43,39,2
43,40,2
43,41,3
43,42,2
43,43,2
43,44,2
43,45,3
43,46,2
43,47,3
43,48,3
43,49,2
43,50,3
43,51,3
43,52,2
43,53,3
43,54,2
43,55,3
43,56,2
43,57,2
43,58,3
43,59,2
43,60,3
43,61,2
43,62,3
43,63,2
43,64,2
43,65,2
43,66,2
43,67,1
43,68,2
43,69,2
44,0,2
44,1,2
44,2,2
44,3,1
44,4,2
44,5,2
44,6,3
44,7,2
44,8,3
44,9,2
44,10,3
44,11,2
44,12,3
44,13,2
44,14,3
44,15,2
44,16,2
44,17,3
44,18,2
44,19,3
44,20,2
44,21,3
44,22,2
44,23,3
44,24,2
44,25,1
44,26,2
44,27,1
44,28,2
44,29,6
44,30,2
44,31,2
44,32,6
44,33,2
44,34,6
44,35,2
44,36,2
44,37,2
44,38,1
44,39,2
44,40,1
44,41,2
44,42,3
44,43,2
44,44,2
44,45,3
44,46,2
44,47,2
44,48,3
44,49,2
44,50,3
44,51,2
44,52,3
44,53,2
44,54,3
44,55,2
44,56,2
44,57,3
44,58,2
44,59,2
44,60,3
44,61,2
44,62,2
44,63,3
44,64,2
44,65,1
44,66,2
44,67,1
44,68,2
44,69,2
45,0,2
45,1,2
45,2,1
45,3,2
45,4,2
45,5,2
45,6,3
45,7,2
45,8,3
45,9,2
45,10,3
45,11,2
45,12,3
45,13,2
45,14,3
45,15,2
45,16,3
45,17,2
45,18,3
45,19,2
45,20,3
45,21,2
45,22,2
45,23,3
45,24,2
45,25,2
45,26,1
45,27,2
45,28,2
45,29,2
45,30,6
45,31,2
45,32,2
45,33,6
45,34,2
45,35,6
45,36,2
45,37,6
45,38,2
45,39,2
45,40,2
45,41,3
45,42,2
45,43,3
45,44,2
45,45,2
45,46,3
45,47,3
45,48,2
45,49,3
45,50,2
45,51,3
45,52,2
45,53,2
45,54,2
45,55,3
45,56,2
45,57,2
45,58,3
45,59,2
45,60,2
45,61,3
45,62,2
45,63,3
45,64,2
45,65,2
45,66,2
45,67,1
45,68,2
45,69,2
46,0,2
46,1,2
46,2,2
46,3,1
46,4,2
46,5,2
46,6,3
46,7,2
46,8,3
46,9,2
46,10,3
46,11,2
46,12,2
46,13,3
46,14,2
46,15,3
46,16,2
46,17,3
46,18,2
46,19,2
46,20,3
46,21,2
46,22,3
46,23,2
46,24,2
46,25,1
46,26,2
46,27,2
46,28,1
46,29,2
46,30,2
46,31,6
46,32,2
46,33,6
46,34,2
46,35,2
46,36,6
46,37,2
46,38,2
46,39,1
46,40,2
46,41,2
46,42,3
46,43,3
46,44,2
46,45,3
46,46,2
46,47,3
46,48,3
46,49,2
46,50,3
46,51,3
46,52,2
46,53,3
46,54,2
46,55,2
46,56,1
46,57,2
46,58,2
46,59,3
46,60,2
46,61,2
46,62,3
46,63,2
46,64,1
46,65,2
46,66,2
46,67,1
46,68,2
46,69,2
47,0,2
47,1,2
47,2,2
47,3,1
47,4,2
47,5,2
47,6,3
47,7,2
47,8,3
47,9,2
47,10,2
47,11,3
47,12,2
47,13,3
47,14,2
47,15,2
47,16,3
47,17,2
47,18,3
47,19,2
47,20,2
47,21,1
47,22,2
47,23,1
47,24,2
47,25,2
47,26,1
47,27,2
47,28,2
47,29,6
47,30,2
47,31,6
47,32,2
47,33,6
47,34,6
47,35,2
47,36,2
47,37,6
47,38,2
47,39,2
47,40,2
47,41,3
47,42,2
47,43,3
47,44,2
47,45,3
47,46,3
47,47,2
47,48,3
47,49,3
47,50,2
47,51,2
47,52,3
47,53,2
47,54,3
47,55,2
47,56,2
47,57,1
47,58,2
47,59,2
47,60,1
47,61,2
47,62,2
47,63,1
47,64,2
47,65,2
47,66,1
47,67,1
47,68,2
47,69,2
48,0,2
48,1,2
48,2,2
48,3,1
48,4,2
48,5,2
48,6,3
48,7,2
48,8,3
48,9,2
48,10,3
48,11,2
48,12,3
48,13,2
48,14,3
48,15,2
48,16,2
48,17,2
48,18,2
48,19,3
48,20,2
48,21,2
48,22,2
48,23,2
48,24,6
48,25,2
48,26,2
48,27,6
48,28,2
48,29,6
48,30,2
48,31,2
48,32,6
48,33,2
48,34,6
48,35,6
48,36,2
48,37,2
48,38,6
48,39,2
48,40,1
48,41,2
48,42,2
48,43,3
48,44,2
48,45,3
48,46,2
48,47,3
48,48,3
48,49,2
48,50,3
48,51,2
48,52,2
48,53,2
48,54,2
48,55,3
48,56,2
48,57,2
48,58,1
48,59,2
48,60,2
48,61,1
48,62,2
48,63,1
48,64,2
48,65,2
48,66,2
48,67,1
48,68,2
48,69,2
49,0,2
49,1,2
49,2,2
49,3,1
49,4,2
49,5,2
49,6,3
49,7,2
49,8,3
49,9,2
49,10,2
49,11,2
49,12,2
49,13,2
49,14,3
49,15,2
49,16,3
49,17,2
49,18,3
49,19,2
49,20,3
49,21,2
49,22,6
49,23,2
49,24,2
49,25,6
49,26,2
49,27,2
49,28,2
49,29,2
49,30,6
49,31,2
49,32,6
49,33,2
49,34,6
49,35,6
49,36,2
49,37,6
49,38,2
49,39,2
49,40,2
49,41,3
49,42,2
49,43,2
49,44,3
49,45,2
49,46,3
49,47,3
49,48,2
49,49,3
49,50,2
49,51,2
49,52,3
49,53,3
49,54,2
49,55,2
49,56,3
49,57,2
49,58,2
49,59,3
49,60,2
49,61,2
49,62,3
49,63,2
49,64,1
49,65,2
49,66,2
49,67,1
49,68,2
49,69,2
50,0,2
50,1,2
50,2,2
50,3,1
50,4,2
50,5,2
50,6,3
50,7,2
50,8,3
50,9,2
50,10,3
50,11,3
50,12,2
50,13,3
50,14,2
50,15,2
50,16,3
50,17,2
50,18,2
50,19,2
50,20,2
50,21,6
50,22,2
50,23,2
50,24,6
50,25,2
50,26,6
50,27,2
50,28,6
50,29,2
50,30,6
50,31,2
50,32,6
50,33,2
50,34,6
50,35,2
50,36,6
50,37,2
50,38,2
50,39,1
50,40,2
50,41,2
50,42,3
50,43,2
50,44,3
50,45,3
50,46,2
50,47,3
50,48,3
50,49,2
50,50,3
50,51,2
50,52,3
50,53,2
50,54,3
50,55,2
50,56,3
50,57,2
50,58,2
50,59,2
50,60,3
50,61,2
50,62,2
50,63,3
50,64,2
50,65,2
50,66,1
50,67,2
50,68,2
50,69,2
51,0,2
51,1,2
51,2,2
51,3,1
51,4,1
51,5,2
51,6,2
51,7,3
51,8,2
51,9,3
51,10,2
51,11,2
51,12,3
51,13,2
51,14,3
51,15,2
51,16,2
51,17,3
51,18,2
51,19,3
51,20,2
51,21,2
51,22,6
51,23,2
51,24,6
51,25,2
51,26,6
51,27,2
51,28,6
51,29,2
51,30,6
51,31,2
51,32,2
51,33,2
51,34,2
51,35,6
51,36,2
51,37,2
51,38,6
51,39,2
51,40,2
51,41,3
51,42,2
51,43,2
51,44,2
51,45,3
51,46,3
51,47,2
51,48,3
51,49,3
51,50,2
51,51,3
51,52,3
51,53,2
51,54,3
51,55,2
51,56,2
51,57,3
51,58,2
51,59,3
51,60,2
51,61,3
51,62,2
51,63,3
51,64,2
51,65,2
51,66,1
51,67,2
51,68,2
51,69,2
52,0,2
52,1,2
52,2,2
52,3,2
52,4,1
52,5,2
52,6,2
52,7,3
52,8,2
52,9,2
52,10,3
52,11,2
52,12,2
52,13,3
52,14,2
52,15,3
52,16,2
52,17,3
52,18,2
52,19,2
52,20,6
52,21,2
52,22,2
52,23,6
52,24,6
52,25,6
52,26,6
52,27,6
52,28,2
52,29,6
52,30,2
52,31,2
52,32,6
52,33,2
52,34,6
52,35,2
52,36,2
52,37,6
52,38,2
52,39,3
52,40,2
52,41,2
52,42,3
52,43,2
52,44,3
52,45,2
52,46,3
52,47,3
52,48,2
52,49,3
52,50,3
52,51,2
52,52,3
52,53,2
52,54,3
52,55,2
52,56,3
52,57,2
52,58,3
52,59,2
52,60,2
52,61,3
52,62,2
52,63,2
52,64,2
52,65,2
52,66,1
52,67,2
52,68,2
52,69,2
53,0,2
53,1,2
53,2,2
53,3,2
53,4,1
53,5,2
53,6,2
53,7,2
53,8,3
53,9,2
53,10,3
53,11,3
53,12,2
53,13,3
53,14,2
53,15,3
53,16,2
53,17,3
53,18,2
53,19,3
53,20,2
53,21,2
53,22,6
53,23,6
53,24,6
53,25,6
53,26,6
53,27,6
53,28,6
53,29,2
53,30,2
53,31,6
53,32,2
53,33,2
53,34,2
53,35,2
53,36,2
53,37,2
53,38,2
53,39,2
53,40,3
53,41,3
53,42,2
53,43,3
53,44,2
53,45,2
53,46,3
53,47,2
53,48,3
53,49,3
53,50,2
53,51,3
53,52,2
53,53,3
53,54,2
53,55,3
53,56,2
53,57,2
53,58,3
53,59,2
53,60,3
53,61,2
53,62,3
53,63,3
53,64,2
53,65,1
53,66,1
53,67,2
53,68,2
53,69,2
54,0,2
54,1,2
54,2,2
54,3,2
54,4,1
54,5,2
54,6,2
54,7,3
54,8,2
54,9,3
54,10,2
54,11,2
54,12,3
54,13,2
54,14,3
54,15,2
54,16,3
54,17,2
54,18,3
54,19,2
54,20,2
54,21,6
54,22,2
54,23,6
54,24,6
54,25,6
54,26,2
54,27,6
54,28,2
54,29,2
54,30,6
54,31,2
54,32,2
54,33,1
54,34,2
54,35,1
54,36,2
54,37,1
54,38,2
54,39,3
54,40,2
54,41,3
54,42,3
54,43,3
54,44,3
54,45,2
54,46,3
54,47,3
54,48,2
54,49,3
54,50,3
54,51,2
54,52,3
54,53,2
54,54,2
54,55,3
54,56,2
54,57,3
54,58,2
54,59,3
54,60,2
54,61,2
54,62,3
54,63,2
54,64,2
54,65,2
54,66,1
54,67,2
54,68,2
54,69,2
55,0,2
55,1,2
55,2,2
55,3,2
55,4,1
55,5,1
55,6,2
55,7,2
55,8,3
55,9,2
55,10,3
55,11,3
55,12,2
55,13,3
55,14,2
55,15,3
55,16,2
55,17,2
55,18,2
55,19,3
55,20,2
55,21,2
55,22,6
55,23,6
55,24,6
55,25,6
55,26,6
55,27,6
55,28,2
55,29,6
55,30,2
55,31,2
55,32,1
55,33,2
55,34,2
55,35,2
55,36,1
55,37,2
55,38,2
55,39,2
55,40,2
55,41,3
55,42,2
55,43,3
55,44,3
55,45,2
55,46,2
55,47,3
55,48,2
55,49,3
55,50,2
55,51,2
55,52,2
55,53,3
55,54,2
55,55,2
55,56,3
55,57,2
55,58,3
55,59,2
55,60,3
55,61,2
55,62,3
55,63,2
55,64,2
55,65,1
55,66,2
55,67,2
55,68,2
55,69,2
56,0,2
56,1,2
56,2,2
56,3,2
56,4,2
56,5,1
56,6,2
56,7,2
56,8,3
56,9,2
56,10,3
56,11,2
56,12,2
56,13,3
56,14,2
56,15,2
56,16,3
56,17,2
56,18,3
56,19,2
56,20,2
56,21,2
56,22,6
56,23,6
56,24,6
56,25,6
56,26,2
56,27,2
56,28,6
56,29,2
56,30,2
56,31,1
56,32,2
56,33,1
56,34,2
56,35,1
56,36,2
56,37,1
56,38,2
56,39,3
56,40,2
56,41,2
56,42,3
56,43,3
56,44,3
56,45,3
56,46,2
56,47,3
56,48,2
56,49,3
56,50,2
56,51,3
56,52,2
56,53,2
56,54,3
56,55,2
56,56,3
56,57,2
56,58,3
56,59,2
56,60,2
56,61,3
56,62,2
56,63,2
56,64,1
56,65,1
56,66,2
56,67,2
56,68,2
56,69,2
57,0,2
57,1,2
57,2,2
57,3,2
57,4,2
57,5,1
57,6,2
57,7,2
57,8,2
57,9,3
57,10,2
57,11,3
57,12,2
57,13,2
57,14,3
57,15,2
57,16,3
57,17,2
57,18,2
57,19,3
57,20,2
57,21,2
57,22,6
57,23,6
57,24,6
57,25,2
57,26,6
57,27,2
57,28,2
57,29,3
57,30,2
57,31,2
57,32,2
57,33,3
57,34,2
57,35,2
57,36,2
57,37,2
57,38,1
57,39,2
57,40,2
57,41,3
57,42,2
57,43,3
57,44,3
57,45,2
57,46,3
57,47,2
57,48,2
57,49,3
57,50,2
57,51,2
57,52,3
57,53,2
57,54,3
57,55,2
57,56,3
57,57,2
57,58,2
57,59,3
57,60,2
57,61,3
57,62,2
57,63,2
57,64,2
57,65,2
57,66,2
57,67,2
57,68,2
57,69,2
58,0,2
58,1,2
58,2,2
58,3,2
58,4,2
58,5,3
58,6,3
58,7,2
58,8,2
58,9,3
58,10,2
58,11,3
58,12,2
58,13,3
58,14,3
58,15,2
58,16,3
58,17,2
58,18,3
58,19,2
58,20,3
58,21,2
58,22,6
58,23,6
58,24,2
58,25,6
58,26,2
58,27,3
58,28,2
58,29,2
58,30,3
58,31,2
58,32,3
58,33,2
58,34,1
58,35,2
58,36,1
58,37,2
58,38,2
58,39,3
58,40,2
58,41,2
58,42,3
58,43,3
58,44,3
58,45,3
58,46,2
58,47,3
58,48,2
58,49,2
58,50,3
58,51,2
58,52,2
58,53,3
58,54,2
58,55,2
58,56,2
58,57,3
58,58,2
58,59,3
58,60,2
58,61,3
58,62,2
58,63,1
58,64,1
58,65,2
58,66,2
58,67,2
58,68,2
58,69,2
59,0,2
59,1,2
59,2,2
59,3,2
59,4,2
59,5,2
59,6,3
59,7,2
59,8,2
59,9,3
59,10,2
59,11,3
59,12,2
59,13,3
59,14,2
59,15,3
59,16,2
59,17,2
59,18,3
59,19,2
59,20,2
59,21,2
59,22,2
59,23,6
59,24,2
59,25,2
59,26,2
59,27,3
59,28,2
59,29,3
59,30,2
59,31,3
59,32,2
59,33,3
59,34,2
59,35,3
59,36,2
59,37,3
59,38,2
59,39,2
59,40,3
59,41,2
59,42,2
59,43,3
59,44,3
59,45,3
59,46,3
59,47,2
59,48,2
59,49,3
59,50,2
59,51,1
59,52,2
59,53,2
59,54,3
59,55,2
59,56,3
59,57,2
59,58,3
59,59,2
59,60,3
59,61,2
59,62,2
59,63,1
59,64,2
59,65,2
59,66,2
59,67,2
59,68,2
59,69,2
60,0,2
60,1,2
60,2,2
60,3,2
60,4,2
60,5,2
60,6,3
60,7,3
60,8,2
60,9,3
60,10,2
60,11,3
60,12,2
60,13,2
60,14,3
60,15,2
60,16,2
60,17,3
60,18,2
60,19,2
60,20,3
60,21,2
60,22,6
60,23,2
60,24,6
60,25,2
60,26,3
60,27,2
60,28,3
60,29,2
60,30,3
60,31,2
60,32,2
60,33,2
60,34,3
60,35,2
60,36,2
60,37,3
60,38,2
60,39,7
60,40,2
60,41,2
60,42,2
60,43,3
60,44,3
60,45,3
60,46,2
60,47,2
60,48,3
60,49,2
60,50,2
60,51,2
60,52,3
60,53,2
60,54,3
60,55,2
60,56,3
60,57,2
60,58,2
60,59,3
60,60,2
60,61,2
60,62,2
60,63,3
60,64,2
60,65,2
60,66,2
60,67,2
60,68,2
60,69,2
61,0,2
61,1,2
61,2,2
61,3,2
61,4,2
61,5,2
61,6,2
61,7,3
61,8,2
61,9,2
61,10,3
61,11,2
61,12,3
61,13,2
61,14,3
61,15,2
61,16,3
61,17,2
61,18,3
61,19,2
61,20,3
61,21,2
61,22,2
61,23,6
61,24,2
61,25,2
61,26,3
61,27,2
61,28,2
61,29,3
61,30,2
61,31,3
61,32,2
61,33,3
61,34,2
61,35,3
61,36,2
61,37,2
61,38,7
61,39,2
61,40,3
61,41,2
61,42,3
61,43,2
61,44,3
61,45,3
61,46,2
61,47,2
61,48,2
61,49,1
61,50,2
61,51,1
61,52,2
61,53,3
61,54,2
61,55,3
61,56,2
61,57,3
61,58,2
61,59,3
61,60,2
61,61,2
61,62,3
61,63,3
61,64,2
61,65,2
61,66,2
61,67,1
61,68,2
61,69,2
62,0,2
62,1,2
62,2,2
62,3,2
62,4,2
62,5,2
62,6,2
62,7,3
62,8,3
62,9,2
62,10,2
62,11,3
62,12,2
62,13,3
62,14,2
62,15,3
62,16,2
62,17,2
62,18,2
62,19,3
62,20,2
62,21,2
62,22,6
62,23,2
62,24,2
62,25,6
62,26,2
62,27,3
62,28,2
62,29,3
62,30,2
62,31,3
62,32,2
62,33,3
62,34,2
62,35,2
62,36,3
62,37,2
62,38,7
62,39,2
62,40,3
62,41,2
62,42,2
62,43,2
62,44,3
62,45,2
62,46,3
62,47,2
62,48,3
62,49,2
62,50,2
62,51,2
62,52,3
62,53,2
62,54,2
62,55,3
62,56,2
62,57,3
62,58,2
62,59,3
62,60,2
62,61,3
62,62,3
62,63,2
62,64,2
62,65,2
62,66,2
62,67,2
62,68,2
62,69,2
63,0,2
63,1,2
63,2,2
63,3,2
63,4,2
63,5,2
63,6,2
63,7,3
63,8,3
63,9,2
63,10,2
63,11,3
63,12,2
63,13,3
63,14,2
63,15,2
63,16,3
63,17,2
63,18,3
63,19,2
63,20,2
63,21,1
63,22,2
63,23,1
63,24,2
63,25,2
63,26,2
63,27,3
63,28,2
63,29,2
63,30,3
63,31,2
63,32,3
63,33,2
63,34,3
63,35,2
63,36,3
63,37,2
63,38,2
63,39,7
63,40,2
63,41,3
63,42,2
63,43,3
63,44,2
63,45,2
63,46,2
63,47,3
63,48,2
63,49,2
63,50,1
63,51,2
63,52,2
63,53,3
63,54,2
63,55,2
63,56,3
63,57,2
63,58,3
63,59,2
63,60,2
63,61,3
63,62,2
63,63,2
63,64,2
63,65,2
63,66,2
63,67,2
63,68,2
63,69,2
64,0,2
64,1,2
64,2,2
64,3,2
64,4,2
64,5,3
64,6,2
64,7,2
64,8,3
64,9,3
64,10,2
64,11,2
64,12,3
64,13,2
64,14,3
64,15,2
64,16,3
64,17,2
64,18,2
64,19,3
64,20,2
64,21,2
64,22,2
64,23,2
64,24,3
64,25,2
64,26,3
64,27,2
64,28,3
64,29,2
64,30,3
64,31,2
64,32,2
64,33,3
64,34,2
64,35,3
64,36,2
64,37,3
64,38,2
64,39,2
64,40,2
64,41,1
64,42,2
64,43,2
64,44,3
64,45,2
64,46,3
64,47,2
64,48,3
64,49,2
64,50,3
64,51,2
64,52,3
64,53,2
64,54,3
64,55,2
64,56,3
64,57,2
64,58,2
64,59,2
64,60,3
64,61,3
64,62,2
64,63,2
64,64,2
64,65,2
64,66,2
64,67,2
64,68,2
64,69,2
65,0,2
65,1,2
65,2,2
65,3,2
65,4,2
65,5,2
65,6,2
65,7,2
65,8,2
65,9,3
65,10,2
65,11,2
65,12,3
65,13,2
65,14,3
65,15,2
65,16,3
65,17,3
65,18,2
65,19,2
65,20,3
65,21,2
65,22,1
65,23,2
65,24,3
65,25,2
65,26,3
65,27,2
65,28,3
65,29,2
65,30,2
65,31,3
65,32,2
65,33,2
65,34,3
65,35,2
65,36,2
65,37,3
65,38,2
65,39,1
65,40,2
65,41,2
65,42,1
65,43,2
65,44,2
65,45,3
65,46,2
65,47,2
65,48,2
65,49,3
65,50,2
65,51,3
65,52,2
65,53,2
65,54,3
65,55,2
65,56,3
65,57,2
65,58,3
65,59,2
65,60,3
65,61,2
65,62,2
65,63,2
65,64,2
65,65,2
65,66,2
65,67,2
65,68,2
65,69,2
66,0,2
66,1,2
66,2,2
66,3,2
66,4,2
66,5,2
66,6,2
66,7,2
66,8,2
66,9,3
66,10,3
66,11,2
66,12,2
66,13,3
66,14,2
66,15,3
66,16,2
66,17,2
66,18,3
66,19,2
66,20,2
66,21,3
66,22,2
66,23,3
66,24,2
66,25,2
66,26,3
66,27,2
66,28,2
66,29,3
66,30,3
66,31,2
66,32,3
66,33,2
66,34,2
66,35,3
66,36,2
66,37,2
66,38,1
66,39,2
66,40,1
66,41,2
66,42,2
66,43,1
66,44,2
66,45,2
66,46,3
66,47,2
66,48,3
66,49,2
66,50,2
66,51,3
66,52,2
66,53,3
66,54,2
66,55,3
66,56,2
66,57,2
66,58,2
66,59,3
66,60,3
66,61,2
66,62,2
66,63,2
66,64,2
66,65,1
66,66,2
66,67,2
66,68,2
66,69,2
67,0,2
67,1,2
67,2,2
67,3,2
67,4,2
67,5,2
67,6,2
67,7,2
67,8,2
67,9,3
67,10,3
67,11,2
67,12,2
67,13,3
67,14,2
67,15,3
67,16,2
67,17,3
67,18,2
67,19,3
67,20,2
67,21,2
67,22,3
67,23,2
67,24,2
67,25,3
67,26,2
67,27,3
67,28,2
67,29,3
67,30,2
67,31,2
67,32,3
67,33,3
67,34,2
67,35,3
67,36,2
67,37,3
67,38,2
67,39,2
67,40,3
67,41,2
67,42,1
67,43,2
67,44,3
67,45,2
67,46,2
67,47,3
67,48,2
67,49,3
67,50,2
67,51,2
67,52,3
67,53,2
67,54,3
67,55,2
67,56,3
67,57,2
67,58,2
67,59,3
67,60,2
67,61,2
67,62,2
67,63,2
67,64,2
67,65,2
67,66,2
67,67,2
67,68,2
67,69,2
68,0,2
68,1,2
68,2,2
68,3,2
68,4,2
68,5,2
68,6,2
68,7,2
68,8,2
68,9,2
68,10,3
68,11,3
68,12,2
68,13,2
68,14,3
68,15,2
68,16,3
68,17,2
68,18,3
68,19,2
68,20,3
68,21,2
68,22,2
68,23,3
68,24,2
68,25,3
68,26,2
68,27,2
68,28,3
68,29,2
68,30,3
68,31,2
68,32,2
68,33,2
68,34,3
68,35,2
68,36,2
68,37,3
68,38,2
68,39,3
68,40,2
68,41,3
68,42,2
68,43,2
68,44,3
68,45,2
68,46,3
68,47,2
68,48,3
68,49,2
68,50,3
68,51,2
68,52,3
68,53,2
68,54,3
68,55,2
68,56,2
68,57,2
68,58,3
68,59,3
68,60,2
68,61,2
68,62,2
68,63,1
68,64,2
68,65,2
68,66,2
68,67,2
68,68,2
68,69,2
69,0,2
69,1,2
69,2,2
69,3,2
69,4,2
69,5,1
69,6,2
69,7,2
69,8,2
69,9,2
69,10,2
69,11,3
69,12,3
69,13,2
69,14,2
69,15,3
69,16,2
69,17,3
69,18,2
69,19,3
69,20,2
69,21,3
69,22,2
69,23,3
69,24,2
69,25,3
69,26,2
69,27,3
69,28,2
69,29,2
69,30,3
69,31,2
69,32,3
69,33,2
69,34,3
69,35,2
69,36,3
69,37,2
69,38,3
69,39,2
69,40,2
69,41,3
69,42,2
69,43,3
69,44,2
69,45,2
69,46,2
69,47,3
69,48,2
69,49,3
69,50,2
69,51,3
69,52,2
69,53,3
69,54,2
69,55,2
69,56,2
69,57,3
69,58,3
69,59,2
69,60,2
69,61,2
69,62,2
69,63,2
69,64,2
69,65,2
69,66,2
69,67,2
69,68,2
69,69,2
70,0,2
70,1,2
70,2,2
70,3,2
70,4,2
70,5,2
70,6,2
70,7,2
70,8,2
70,9,2
70,10,2
70,11,3
70,12,3
70,13,2
70,14,2
70,15,2
70,16,3
70,17,2
70,18,3
70,19,2
70,20,3
70,21,2
70,22,3
70,23,2
70,24,3
70,25,2
70,26,2
70,27,3
70,28,2
70,29,3
70,30,2
70,31,3
70,32,2
70,33,3
70,34,2
70,35,2
70,36,3
70,37,2
70,38,2
70,39,3
70,40,2
70,41,2
70,42,3
70,43,2
70,44,3
70,45,3
70,46,2
70,47,2
70,48,3
70,49,2
70,50,3
70,51,2
70,52,2
70,53,3
70,54,2
70,55,2
70,56,3
70,57,3
70,58,2
70,59,2
70,60,2
70,61,2
70,62,2
70,63,2
70,64,2
70,65,2
70,66,2
70,67,2
70,68,2
70,69,2
71,0,2
71,1,2
71,2,2
71,3,2
71,4,2
71,5,2
71,6,2
71,7,2
71,8,2
71,9,2
71,10,2
71,11,2
71,12,3
71,13,3
71,14,2
71,15,2
71,16,2
71,17,3
71,18,2
71,19,3
71,20,2
71,21,3
71,22,2
71,23,3
71,24,2
71,25,3
71,26,2
71,27,2
71,28,3
71,29,2
71,30,2
71,31,2
71,32,3
71,33,2
71,34,3
71,35,2
71,36,3
71,37,2
71,38,3
71,39,2
71,40,3
71,41,2
71,42,2
71,43,3
71,44,2
71,45,2
71,46,3
71,47,2
71,48,3
71,49,2
71,50,3
71,51,2
71,52,3
71,53,2
71,54,2
71,55,3
71,56,3
71,57,3
71,58,2
71,59,2
71,60,2
71,61,2
71,62,2
71,63,2
71,64,2
71,65,2
71,66,2
71,67,1
71,68,2
71,69,2
72,0,2
72,1,2
72,2,2
72,3,2
72,4,2
72,5,2
72,6,2
72,7,2
72,8,1
72,9,2
72,10,2
72,11,2
72,12,2
72,13,3
72,14,3
72,15,3
72,16,2
72,17,2
72,18,3
72,19,2
72,20,3
72,21,2
72,22,3
72,23,2
72,24,2
72,25,3
72,26,2
72,27,3
72,28,2
72,29,3
72,30,3
72,31,2
72,32,2
72,33,3
72,34,2
72,35,3
72,36,2
72,37,3
72,38,2
72,39,3
72,40,2
72,41,3
72,42,2
72,43,3
72,44,2
72,45,3
72,46,2
72,47,3
72,48,2
72,49,3
72,50,2
72,51,3
72,52,2
72,53,2
72,54,3
72,55,3
72,56,2
72,57,2
72,58,2
72,59,2
72,60,1
72,61,2
72,62,2
72,63,2
72,64,2
72,65,1
72,66,2
72,67,2
72,68,2
72,69,2
73,0,2
73,1,2
73,2,2
73,3,2
73,4,2
73,5,2
73,6,1
73,7,2
73,8,2
73,9,2
73,10,2
73,11,2
73,12,2
73,13,2
73,14,3
73,15,3
73,16,2
73,17,2
73,18,2
73,19,3
73,20,2
73,21,3
73,22,2
73,23,3
73,24,2
73,25,3
73,26,2
73,27,3
73,28,2
73,29,2
73,30,3
73,31,2
73,32,3
73,33,2
73,34,3
73,35,2
73,36,3
73,37,2
73,38,3
73,39,2
73,40,2
73,41,3
73,42,2
73,43,2
73,44,3
73,45,2
73,46,3
73,47,2
73,48,3
73,49,2
73,50,3
73,51,2
73,52,2
73,53,2
73,54,3
73,55,3
73,56,2
73,57,2
73,58,2
73,59,2
73,60,2
73,61,2
73,62,2
73,63,2
73,64,2
73,65,2
73,66,2
73,67,2
73,68,2
73,69,2
74,0,2
74,1,2
74,2,2
74,3,2
74,4,2
74,5,2
74,6,2
74,7,2
74,8,2
74,9,2
74,10,2
74,11,2
74,12,2
74,13,2
74,14,2
74,15,3
74,16,3
74,17,2
74,18,2
74,19,2
74,20,3
74,21,2
74,22,3
74,23,2
74,24,3
74,25,2
74,26,2
74,27,2
74,28,3
74,29,2
74,30,3
74,31,2
74,32,3
74,33,2
74,34,3
74,35,2
74,36,3
74,37,2
74,38,2
74,39,3
74,40,2
74,41,3
74,42,2
74,43,3
74,44,2
74,45,3
74,46,2
74,47,3
74,48,2
74,49,2
74,50,2
74,51,2
74,52,3
74,53,3
74,54,3
74,55,2
74,56,2
74,57,2
74,58,2
74,59,2
74,60,2
74,61,2
74,62,2
74,63,2
74,64,2
74,65,2
74,66,2
74,67,2
74,68,2
74,69,2
75,0,2
75,1,2
75,2,2
75,3,2
75,4,2
75,5,2
75,6,2
75,7,2
75,8,2
75,9,2
75,10,2
75,11,2
75,12,2
75,13,2
75,14,2
75,15,2
75,16,3
75,17,3
75,18,2
75,19,2
75,20,2
75,21,3
75,22,2
75,23,2
75,24,3
75,25,2
75,26,3
75,27,2
75,28,3
75,29,2
75,30,3
75,31,2
75,32,3
75,33,2
75,34,3
75,35,2
75,36,2
75,37,3
75,38,2
75,39,3
75,40,2
75,41,2
75,42,3
75,43,2
75,44,3
75,45,2
75,46,2
75,47,2
75,48,3
75,49,2
75,50,3
75,51,2
75,52,3
75,53,3
75,54,2
75,55,2
75,56,2
75,57,2
75,58,2
75,59,2
75,60,2
75,61,2
75,62,2
75,63,1
75,64,2
75,65,2
75,66,2
75,67,2
75,68,2
75,69,2
76,0,2
76,1,2
76,2,2
76,3,2
76,4,2
76,5,2
76,6,2
76,7,2
76,8,2
76,9,2
76,10,2
76,11,2
76,12,1
76,13,2
76,14,2
76,15,2
76,16,2
76,17,3
76,18,3
76,19,3
76,20,2
76,21,2
76,22,3
76,23,2
76,24,3
76,25,2
76,26,3
76,27,2
76,28,3
76,29,2
76,30,3
76,31,3
76,32,2
76,33,3
76,34,2
76,35,3
76,36,3
76,37,2
76,38,3
76,39,2
76,40,3
76,41,2
76,42,3
76,43,2
76,44,3
76,45,2
76,46,3
76,47,2
76,48,2
76,49,2
76,50,3
76,51,3
76,52,3
76,53,2
76,54,2
76,55,2
76,56,2
76,57,2
76,58,2
76,59,1
76,60,2
76,61,2
76,62,2
76,63,2
76,64,2
76,65,2
76,66,2
76,67,2
76,68,2
76,69,2
77,0,2
77,1,2
77,2,2
77,3,2
77,4,2
77,5,2
77,6,2
77,7,2
77,8,2
77,9,2
77,10,1
77,11,2
77,12,2
77,13,2
77,14,2
77,15,2
77,16,2
77,17,2
77,18,3
77,19,3
77,20,3
77,21,2
77,22,2
77,23,2
77,24,2
77,25,3
77,26,2
77,27,3
77,28,2
77,29,3
77,30,2
77,31,2
77,32,3
77,33,2
77,34,3
77,35,2
77,36,3
77,37,2
77,38,3
77,39,2
77,40,3
77,41,2
77,42,3
77,43,2
77,44,3
77,45,2
77,46,2
77,47,3
77,48,2
77,49,3
77,50,3
77,51,2
77,52,2
77,53,2
77,54,2
77,55,2
77,56,2
77,57,2
77,58,2
77,59,2
77,60,2
77,61,2
77,62,2
77,63,2
77,64,2
77,65,2
77,66,2
77,67,2
77,68,2
77,69,2
78,0,2
78,1,2
78,2,2
78,3,2
78,4,2
78,5,2
78,6,1
78,7,2
78,8,2
78,9,2
78,10,2
78,11,2
78,12,2
78,13,2
78,14,2
78,15,2
78,16,2
78,17,2
78,18,2
78,19,2
78,20,3
78,21,3
78,22,2
78,23,2
78,24,3
78,25,2
78,26,2
78,27,3
78,28,2
78,29,3
78,30,2
78,31,2
78,32,2
78,33,3
78,34,2
78,35,3
78,36,2
78,37,3
78,38,2
78,39,3
78,40,2
78,41,3
78,42,2
78,43,2
78,44,2
78,45,8
78,46,2
78,47,2
78,48,3
78,49,3
78,50,2
78,51,2
78,52,2
78,53,2
78,54,2
78,55,2
78,56,2
78,57,2
78,58,2
78,59,2
78,60,2
78,61,2
78,62,2
78,63,2
78,64,2
78,65,2
78,66,2
78,67,2
78,68,2
78,69,2
79,0,2
79,1,2
79,2,2
79,3,2
79,4,2
79,5,2
79,6,2
79,7,2
79,8,2
79,9,2
79,10,2
79,11,2
79,12,2
79,13,2
79,14,2
79,15,2
79,16,2
79,17,2
79,18,2
79,19,2
79,20,2
79,21,3
79,22,3
79,23,2
79,24,2
79,25,2
79,26,2
79,27,2
79,28,3
79,29,2
79,30,3
79,31,2
79,32,3
79,33,2
79,34,3
79,35,2
79,36,3
79,37,2
79,38,3
79,39,2
79,40,3
79,41,2
79,42,3
79,43,2
79,44,2
79,45,2
79,46,8
79,47,8
79,48,2
79,49,2
79,50,2
79,51,2
79,52,2
79,53,2
79,54,2
79,55,1
79,56,2
79,57,2
79,58,2
79,59,2
79,60,2
79,61,2
79,62,2
79,63,2
79,64,2
79,65,2
79,66,2
79,67,2
79,68,2
79,69,2
80,0,2
80,1,2
80,2,2
80,3,2
80,4,2
80,5,2
80,6,2
80,7,2
80,8,2
80,9,2
80,10,2
80,11,2
80,12,2
80,13,2
80,14,2
80,15,1
80,16,2
80,17,2
80,18,2
80,19,2
80,20,2
80,21,2
80,22,2
80,23,1
80,24,1
80,25,1
80,26,3
80,27,2
80,28,2
80,29,2
80,30,2
80,31,2
80,32,2
80,33,3
80,34,2
80,35,3
80,36,2
80,37,2
80,38,2
80,39,2
80,40,2
80,41,2
80,42,2
80,43,3
80,44,3
80,45,8
80,46,8
80,47,2
80,48,2
80,49,2
80,50,2
80,51,2
80,52,2
80,53,2
80,54,2
80,55,2
80,56,2
80,57,2
80,58,2
80,59,1
80,60,2
80,61,2
80,62,2
80,63,2
80,64,2
80,65,2
80,66,2
80,67,2
80,68,2
80,69,2
81,0,2
81,1,2
81,2,2
81,3,2
81,4,2
81,5,2
81,6,2
81,7,2
81,8,2
81,9,2
81,10,1
81,11,2
81,12,2
81,13,2
81,14,2
81,15,2
81,16,2
81,17,2
81,18,2
81,19,2
81,20,2
81,21,2
81,22,2
81,23,2
81,24,2
81,25,2
81,26,3
81,27,3
81,28,3
81,29,3
81,30,3
81,31,3
81,32,3
81,33,2
81,34,3
81,35,2
81,36,3
81,37,3
81,38,3
81,39,3
81,40,3
81,41,3
81,42,3
81,43,3
81,44,2
81,45,2
81,46,2
81,47,2
81,48,2
81,49,2
81,50,2
81,51,2
81,52,2
81,53,2
81,54,2
81,55,2
81,56,2
81,57,2
81,58,2
81,59,2
81,60,2
81,61,2
81,62,2
81,63,2
81,64,2
81,65,2
81,66,2
81,67,2
81,68,2
81,69,2
82,0,2
82,1,2
82,2,2
82,3,2
82,4,2
82,5,2
82,6,2
82,7,2
82,8,2
82,9,2
82,10,2
82,11,2
82,12,2
82,13,2
82,14,2
82,15,2
82,16,2
82,17,2
82,18,2
82,19,2
82,20,2
82,21,2
82,22,2
82,23,2
82,24,2
82,25,2
82,26,2
82,27,2
82,28,2
82,29,2
82,30,3
82,31,2
82,32,3
82,33,3
82,34,3
82,35,3
82,36,2
82,37,3
82,38,2
82,39,1
82,40,2
82,41,2
82,42,2
82,43,2
82,44,2
82,45,2
82,46,2
82,47,2
82,48,2
82,49,2
82,50,2
82,51,2
82,52,1
82,53,2
82,54,2
82,55,2
82,56,2
82,57,2
82,58,2
82,59,2
82,60,2
82,61,2
82,62,2
82,63,2
82,64,2
82,65,2
82,66,2
82,67,2
82,68,2
82,69,2
83,0,2
83,1,2
83,2,2
83,3,2
83,4,2
83,5,2
83,6,2
83,7,2
83,8,2
83,9,2
83,10,2
83,11,2
83,12,2
83,13,2
83,14,2
83,15,2
83,16,2
83,17,2
83,18,2
83,19,2
83,20,2
83,21,2
83,22,2
83,23,2
83,24,2
83,25,2
83,26,2
83,27,2
83,28,2
83,29,2
83,30,2
83,31,2
83,32,2
83,33,2
83,34,2
83,35,2
83,36,2
83,37,2
83,38,2
83,39,2
83,40,2
83,41,2
83,42,2
83,43,2
83,44,2
83,45,2
83,46,2
83,47,2
83,48,2
83,49,2
83,50,2
83,51,2
83,52,2
83,53,2
83,54,2
83,55,2
83,56,2
83,57,2
83,58,2
83,59,2
83,60,2
83,61,2
83,62,2
83,63,2
83,64,2
83,65,2
83,66,2
83,67,2
83,68,2
83,69,2
