,i,j,clusters
0,0,0,2
1,0,1,2
2,0,2,2
3,0,3,2
4,0,4,2
5,0,5,2
6,0,6,2
7,0,7,2
8,0,8,2
9,0,9,2
10,0,10,2
11,0,11,2
12,0,12,2
13,0,13,2
14,0,14,2
15,0,15,2
16,0,16,2
17,0,17,2
18,0,18,2
19,0,19,2
20,0,20,2
21,0,21,2
22,0,22,2
23,0,23,2
24,0,24,2
25,0,25,2
26,0,26,2
27,0,27,2
28,0,28,2
29,0,29,2
30,0,30,2
31,0,31,2
32,0,32,2
33,0,33,2
34,0,34,2
35,0,35,2
36,0,36,2
37,0,37,2
38,0,38,2
39,0,39,2
40,0,40,2
41,0,41,2
42,0,42,2
43,0,43,2
44,0,44,2
45,0,45,2
46,0,46,2
47,0,47,2
48,0,48,2
49,0,49,2
50,0,50,2
51,0,51,2
52,0,52,2
53,0,53,2
54,0,54,2
55,0,55,2
56,0,56,2
57,0,57,2
58,0,58,2
59,0,59,2
60,0,60,2
61,0,61,2
62,0,62,2
63,0,63,2
64,0,64,2
65,0,65,2
66,0,66,2
67,0,67,2
68,0,68,2
69,0,69,2
70,0,70,2
71,0,71,2
72,0,72,2
73,0,73,2
74,0,74,2
75,0,75,2
76,0,76,2
77,0,77,2
78,0,78,2
79,0,79,2
80,0,80,2
81,0,81,2
82,0,82,2
83,0,83,2
84,0,84,2
85,1,0,2
86,1,1,2
87,1,2,2
88,1,3,2
89,1,4,2
90,1,5,2
91,1,6,2
92,1,7,2
93,1,8,2
94,1,9,2
95,1,10,2
96,1,11,2
97,1,12,2
98,1,13,2
99,1,14,2
100,1,15,2
101,1,16,2
102,1,17,2
103,1,18,2
104,1,19,2
105,1,20,2
106,1,21,2
107,1,22,2
108,1,23,2
109,1,24,2
110,1,25,2
111,1,26,2
112,1,27,2
113,1,28,2
114,1,29,2
115,1,30,2
116,1,31,2
117,1,32,2
118,1,33,2
119,1,34,2
120,1,35,2
121,1,36,2
122,1,37,2
123,1,38,2
124,1,39,2
125,1,40,2
126,1,41,2
127,1,42,2
128,1,43,2
129,1,44,2
130,1,45,2
131,1,46,2
132,1,47,2
133,1,48,2
134,1,49,2
135,1,50,2
136,1,51,2
137,1,52,2
138,1,53,2
139,1,54,2
140,1,55,2
141,1,56,2
142,1,57,2
143,1,58,2
144,1,59,2
145,1,60,2
146,1,61,2
147,1,62,2
148,1,63,2
149,1,64,2
150,1,65,2
151,1,66,2
152,1,67,2
153,1,68,2
154,1,69,2
155,1,70,2
156,1,71,2
157,1,72,2
158,1,73,2
159,1,74,2
160,1,75,2
161,1,76,2
162,1,77,2
163,1,78,2
164,1,79,2
165,1,80,2
166,1,81,2
167,1,82,2
168,1,83,2
169,1,84,2
170,2,0,2
171,2,1,2
172,2,2,2
173,2,3,2
174,2,4,2
175,2,5,2
176,2,6,2
177,2,7,2
178,2,8,2
179,2,9,2
180,2,10,2
181,2,11,2
182,2,12,2
183,2,13,2
184,2,14,2
185,2,15,2
186,2,16,2
187,2,17,2
188,2,18,2
189,2,19,2
190,2,20,2
191,2,21,2
192,2,22,2
193,2,23,2
194,2,24,2
195,2,25,2
196,2,26,2
197,2,27,2
198,2,28,2
199,2,29,2
200,2,30,2
201,2,31,2
202,2,32,2
203,2,33,2
204,2,34,2
205,2,35,2
206,2,36,2
207,2,37,2
208,2,38,2
209,2,39,2
210,2,40,2
211,2,41,2
212,2,42,2
213,2,43,2
214,2,44,2
215,2,45,2
216,2,46,2
217,2,47,2
218,2,48,2
219,2,49,2
220,2,50,2
221,2,51,2
222,2,52,2
223,2,53,2
224,2,54,2
225,2,55,2
226,2,56,2
227,2,57,2
228,2,58,2
229,2,59,2
230,2,60,2
231,2,61,2
232,2,62,2
233,2,63,2
234,2,64,2
235,2,65,2
236,2,66,2
237,2,67,2
238,2,68,2
239,2,69,2
240,2,70,2
241,2,71,2
242,2,72,2
243,2,73,2
244,2,74,2
245,2,75,2
246,2,76,2
247,2,77,2
248,2,78,2
249,2,79,2
250,2,80,2
251,2,81,2
252,2,82,2
253,2,83,2
254,2,84,2
255,3,0,2
256,3,1,2
257,3,2,2
258,3,3,2
259,3,4,2
260,3,5,2
261,3,6,2
262,3,7,2
263,3,8,2
264,3,9,2
265,3,10,2
266,3,11,2
267,3,12,2
268,3,13,2
269,3,14,2
270,3,15,2
271,3,16,2
272,3,17,2
273,3,18,2
274,3,19,2
275,3,20,2
276,3,21,2
277,3,22,2
278,3,23,2
279,3,24,2
280,3,25,2
281,3,26,2
282,3,27,2
283,3,28,2
284,3,29,2
285,3,30,2
286,3,31,2
287,3,32,2
288,3,33,2
289,3,34,2
290,3,35,2
291,3,36,2
292,3,37,2
293,3,38,2
294,3,39,2
295,3,40,2
296,3,41,2
297,3,42,2
298,3,43,2
299,3,44,2
300,3,45,2
301,3,46,2
302,3,47,2
303,3,48,2
304,3,49,2
305,3,50,2
306,3,51,2
307,3,52,2
308,3,53,2
309,3,54,2
310,3,55,2
311,3,56,2
312,3,57,2
313,3,58,2
314,3,59,2
315,3,60,2
316,3,61,2
317,3,62,2
318,3,63,2
319,3,64,2
320,3,65,2
321,3,66,2
322,3,67,2
323,3,68,2
324,3,69,2
325,3,70,2
326,3,71,2
327,3,72,2
328,3,73,2
329,3,74,2
330,3,75,2
331,3,76,2
332,3,77,2
333,3,78,2
334,3,79,2
335,3,80,2
336,3,81,2
337,3,82,2
338,3,83,2
339,3,84,2
340,4,0,2
341,4,1,2
342,4,2,2
343,4,3,2
344,4,4,2
345,4,5,2
346,4,6,2
347,4,7,2
348,4,8,2
349,4,9,2
350,4,10,2
351,4,11,2
352,4,12,2
353,4,13,2
354,4,14,2
355,4,15,2
356,4,16,2
357,4,17,2
358,4,18,2
359,4,19,2
360,4,20,2
361,4,21,2
362,4,22,2
363,4,23,2
364,4,24,2
365,4,25,2
366,4,26,2
367,4,27,2
368,4,28,2
369,4,29,2
370,4,30,2
371,4,31,2
372,4,32,2
373,4,33,2
374,4,34,2
375,4,35,2
376,4,36,2
377,4,37,2
378,4,38,2
379,4,39,2
380,4,40,2
381,4,41,2
382,4,42,2
383,4,43,2
384,4,44,2
385,4,45,2
386,4,46,2
387,4,47,2
388,4,48,2
389,4,49,2
390,4,50,2
391,4,51,2
392,4,52,2
393,4,53,2
394,4,54,2
395,4,55,2
396,4,56,2
397,4,57,2
398,4,58,2
399,4,59,2
400,4,60,2
401,4,61,2
402,4,62,2
403,4,63,2
404,4,64,2
405,4,65,2
406,4,66,2
407,4,67,2
408,4,68,2
409,4,69,2
410,4,70,2
411,4,71,2
412,4,72,2
413,4,73,2
414,4,74,2
415,4,75,2
416,4,76,2
417,4,77,2
418,4,78,2
419,4,79,2
420,4,80,2
421,4,81,2
422,4,82,2
423,4,83,2
424,4,84,2
425,5,0,2
426,5,1,2
427,5,2,2
428,5,3,2
429,5,4,2
430,5,5,2
431,5,6,2
432,5,7,2
433,5,8,2
434,5,9,2
435,5,10,2
436,5,11,2
437,5,12,2
438,5,13,2
439,5,14,2
440,5,15,2
441,5,16,2
442,5,17,2
443,5,18,2
444,5,19,2
445,5,20,2
446,5,21,2
447,5,22,2
448,5,23,2
449,5,24,2
450,5,25,2
451,5,26,2
452,5,27,2
453,5,28,2
454,5,29,2
455,5,30,2
456,5,31,2
457,5,32,2
458,5,33,2
459,5,34,2
460,5,35,2
461,5,36,2
462,5,37,2
463,5,38,2
464,5,39,2
465,5,40,2
466,5,41,2
467,5,42,2
468,5,43,2
469,5,44,2
470,5,45,2
471,5,46,2
472,5,47,2
473,5,48,2
474,5,49,2
475,5,50,2
476,5,51,2
477,5,52,2
478,5,53,2
479,5,54,2
480,5,55,2
481,5,56,2
482,5,57,2
483,5,58,2
484,5,59,2
485,5,60,2
486,5,61,2
487,5,62,2
488,5,63,2
489,5,64,2
490,5,65,2
491,5,66,2
492,5,67,2
493,5,68,2
494,5,69,2
495,5,70,2
496,5,71,2
497,5,72,2
498,5,73,2
499,5,74,2
500,5,75,2
501,5,76,2
502,5,77,2
503,5,78,2
504,5,79,2
505,5,80,2
506,5,81,2
507,5,82,2
508,5,83,2
509,5,84,2
510,6,0,2
511,6,1,2
512,6,2,2
513,6,3,2
514,6,4,2
515,6,5,2
516,6,6,2
517,6,7,2
518,6,8,2
519,6,9,2
520,6,10,2
521,6,11,2
522,6,12,2
523,6,13,2
524,6,14,2
525,6,15,2
526,6,16,2
527,6,17,2
528,6,18,2
529,6,19,2
530,6,20,2
531,6,21,2
532,6,22,2
533,6,23,2
534,6,24,2
535,6,25,2
536,6,26,2
537,6,27,2
538,6,28,2
539,6,29,2
540,6,30,2
541,6,31,2
542,6,32,2
543,6,33,2
544,6,34,2
545,6,35,2
546,6,36,2
547,6,37,2
548,6,38,2
549,6,39,2
550,6,40,2
551,6,41,2
552,6,42,2
553,6,43,2
554,6,44,2
555,6,45,2
556,6,46,2
557,6,47,2
558,6,48,2
559,6,49,2
560,6,50,2
561,6,51,2
562,6,52,2
563,6,53,2
564,6,54,2
565,6,55,2
566,6,56,2
567,6,57,2
568,6,58,2
569,6,59,2
570,6,60,2
571,6,61,2
572,6,62,2
573,6,63,2
574,6,64,2
575,6,65,2
576,6,66,2
577,6,67,2
578,6,68,2
579,6,69,2
580,6,70,2
581,6,71,2
582,6,72,2
583,6,73,2
584,6,74,2
585,6,75,2
586,6,76,2
587,6,77,2
588,6,78,2
589,6,79,2
590,6,80,2
591,6,81,2
592,6,82,2
593,6,83,2
594,6,84,2
595,7,0,2
596,7,1,2
597,7,2,2
598,7,3,2
599,7,4,2
600,7,5,2
601,7,6,2
602,7,7,2
603,7,8,2
604,7,9,2
605,7,10,2
606,7,11,2
607,7,12,2
608,7,13,2
609,7,14,2
610,7,15,2
611,7,16,2
612,7,17,2
613,7,18,2
614,7,19,2
615,7,20,2
616,7,21,2
617,7,22,2
618,7,23,2
619,7,24,2
620,7,25,2
621,7,26,2
622,7,27,2
623,7,28,2
624,7,29,2
625,7,30,2
626,7,31,2
627,7,32,2
628,7,33,2
629,7,34,2
630,7,35,2
631,7,36,2
632,7,37,2
633,7,38,2
634,7,39,2
635,7,40,2
636,7,41,2
637,7,42,2
638,7,43,2
639,7,44,2
640,7,45,2
641,7,46,2
642,7,47,2
643,7,48,2
644,7,49,2
645,7,50,2
646,7,51,2
647,7,52,2
648,7,53,2
649,7,54,2
650,7,55,2
651,7,56,2
652,7,57,2
653,7,58,2
654,7,59,2
655,7,60,2
656,7,61,2
657,7,62,2
658,7,63,2
659,7,64,2
660,7,65,2
661,7,66,2
662,7,67,2
663,7,68,2
664,7,69,2
665,7,70,2
666,7,71,2
667,7,72,2
668,7,73,2
669,7,74,2
670,7,75,2
671,7,76,2
672,7,77,2
673,7,78,2
674,7,79,2
675,7,80,2
676,7,81,2
677,7,82,2
678,7,83,2
679,7,84,2
680,8,0,2
681,8,1,2
682,8,2,2
683,8,3,2
684,8,4,2
685,8,5,2
686,8,6,2
687,8,7,2
688,8,8,2
689,8,9,2
690,8,10,2
691,8,11,2
692,8,12,2
693,8,13,2
694,8,14,2
695,8,15,2
696,8,16,2
697,8,17,2
698,8,18,2
699,8,19,2
700,8,20,2
701,8,21,2
702,8,22,2
703,8,23,2
704,8,24,2
705,8,25,2
706,8,26,2
707,8,27,2
708,8,28,2
709,8,29,2
710,8,30,2
711,8,31,2
712,8,32,2
713,8,33,2
714,8,34,2
715,8,35,2
716,8,36,2
717,8,37,2
718,8,38,2
719,8,39,2
720,8,40,2
721,8,41,2
722,8,42,2
723,8,43,2
724,8,44,2
725,8,45,2
726,8,46,2
727,8,47,2
728,8,48,2
729,8,49,2
730,8,50,2
731,8,51,2
732,8,52,2
733,8,53,2
734,8,54,2
735,8,55,2
736,8,56,2
737,8,57,2
738,8,58,2
739,8,59,2
740,8,60,2
741,8,61,2
742,8,62,2
743,8,63,2
744,8,64,2
745,8,65,2
746,8,66,2
747,8,67,2
748,8,68,2
749,8,69,2
750,8,70,2
751,8,71,2
752,8,72,2
753,8,73,2
754,8,74,2
755,8,75,2
756,8,76,2
757,8,77,2
758,8,78,2
759,8,79,2
760,8,80,2
761,8,81,2
762,8,82,2
763,8,83,2
764,8,84,2
765,9,0,2
766,9,1,2
767,9,2,2
768,9,3,2
769,9,4,2
770,9,5,2
771,9,6,2
772,9,7,2
773,9,8,2
774,9,9,2
775,9,10,2
776,9,11,2
777,9,12,2
778,9,13,2
779,9,14,2
780,9,15,2
781,9,16,2
782,9,17,2
783,9,18,2
784,9,19,2
785,9,20,2
786,9,21,2
787,9,22,2
788,9,23,2
789,9,24,2
790,9,25,2
791,9,26,2
792,9,27,2
793,9,28,2
794,9,29,2
795,9,30,2
796,9,31,2
797,9,32,2
798,9,33,2
799,9,34,2
800,9,35,2
801,9,36,2
802,9,37,2
803,9,38,2
804,9,39,2
805,9,40,2
806,9,41,2
807,9,42,2
808,9,43,2
809,9,44,2
810,9,45,2
811,9,46,2
812,9,47,2
813,9,48,2
814,9,49,2
815,9,50,2
816,9,51,2
817,9,52,2
818,9,53,2
819,9,54,2
820,9,55,2
821,9,56,2
822,9,57,2
823,9,58,2
824,9,59,2
825,9,60,2
826,9,61,2
827,9,62,2
828,9,63,2
829,9,64,2
830,9,65,2
831,9,66,2
832,9,67,2
833,9,68,2
834,9,69,2
835,9,70,2
836,9,71,2
837,9,72,2
838,9,73,2
839,9,74,2
840,9,75,2
841,9,76,2
842,9,77,2
843,9,78,2
844,9,79,2
845,9,80,2
846,9,81,2
847,9,82,2
848,9,83,2
849,9,84,2
850,10,0,2
851,10,1,2
852,10,2,2
853,10,3,2
854,10,4,2
855,10,5,2
856,10,6,2
857,10,7,2
858,10,8,2
859,10,9,2
860,10,10,2
861,10,11,2
862,10,12,2
863,10,13,2
864,10,14,2
865,10,15,2
866,10,16,2
867,10,17,2
868,10,18,2
869,10,19,2
870,10,20,2
871,10,21,2
872,10,22,2
873,10,23,2
874,10,24,2
875,10,25,2
876,10,26,2
877,10,27,2
878,10,28,2
879,10,29,2
880,10,30,2
881,10,31,2
882,10,32,2
883,10,33,2
884,10,34,2
885,10,35,2
886,10,36,2
887,10,37,2
888,10,38,2
889,10,39,2
890,10,40,2
891,10,41,1
892,10,42,1
893,10,43,1
894,10,44,1
895,10,45,2
896,10,46,2
897,10,47,2
898,10,48,2
899,10,49,2
900,10,50,2
901,10,51,2
902,10,52,2
903,10,53,2
904,10,54,2
905,10,55,2
906,10,56,2
907,10,57,2
908,10,58,2
909,10,59,2
910,10,60,2
911,10,61,2
912,10,62,2
913,10,63,2
914,10,64,2
915,10,65,2
916,10,66,2
917,10,67,2
918,10,68,2
919,10,69,2
920,10,70,2
921,10,71,2
922,10,72,2
923,10,73,2
924,10,74,2
925,10,75,2
926,10,76,2
927,10,77,2
928,10,78,2
929,10,79,2
930,10,80,2
931,10,81,2
932,10,82,2
933,10,83,2
934,10,84,2
935,11,0,2
936,11,1,2
937,11,2,2
938,11,3,2
939,11,4,2
940,11,5,2
941,11,6,2
942,11,7,2
943,11,8,2
944,11,9,2
945,11,10,2
946,11,11,2
947,11,12,2
948,11,13,2
949,11,14,2
950,11,15,2
951,11,16,2
952,11,17,2
953,11,18,2
954,11,19,2
955,11,20,2
956,11,21,2
957,11,22,2
958,11,23,2
959,11,24,2
960,11,25,2
961,11,26,2
962,11,27,2
963,11,28,2
964,11,29,2
965,11,30,2
966,11,31,2
967,11,32,2
968,11,33,2
969,11,34,2
970,11,35,2
971,11,36,2
972,11,37,1
973,11,38,3
974,11,39,1
975,11,40,1
976,11,41,1
977,11,42,1
978,11,43,1
979,11,44,1
980,11,45,1
981,11,46,1
982,11,47,1
983,11,48,1
984,11,49,3
985,11,50,1
986,11,51,1
987,11,52,2
988,11,53,2
989,11,54,2
990,11,55,2
991,11,56,2
992,11,57,2
993,11,58,2
994,11,59,2
995,11,60,2
996,11,61,2
997,11,62,2
998,11,63,2
999,11,64,2
1000,11,65,2
1001,11,66,2
1002,11,67,2
1003,11,68,2
1004,11,69,2
1005,11,70,2
1006,11,71,2
1007,11,72,2
1008,11,73,2
1009,11,74,2
1010,11,75,2
1011,11,76,2
1012,11,77,2
1013,11,78,2
1014,11,79,2
1015,11,80,2
1016,11,81,2
1017,11,82,2
1018,11,83,2
1019,11,84,2
1020,12,0,2
1021,12,1,2
1022,12,2,2
1023,12,3,2
1024,12,4,2
1025,12,5,2
1026,12,6,2
1027,12,7,2
1028,12,8,2
1029,12,9,2
1030,12,10,2
1031,12,11,2
1032,12,12,2
1033,12,13,2
1034,12,14,2
1035,12,15,2
1036,12,16,2
1037,12,17,2
1038,12,18,2
1039,12,19,2
1040,12,20,2
1041,12,21,2
1042,12,22,2
1043,12,23,2
1044,12,24,2
1045,12,25,2
1046,12,26,2
1047,12,27,2
1048,12,28,2
1049,12,29,2
1050,12,30,2
1051,12,31,2
1052,12,32,2
1053,12,33,2
1054,12,34,2
1055,12,35,3
1056,12,36,1
1057,12,37,1
1058,12,38,1
1059,12,39,1
1060,12,40,1
1061,12,41,1
1062,12,42,3
1063,12,43,3
1064,12,44,3
1065,12,45,3
1066,12,46,1
1067,12,47,1
1068,12,48,1
1069,12,49,1
1070,12,50,1
1071,12,51,1
1072,12,52,1
1073,12,53,3
1074,12,54,1
1075,12,55,2
1076,12,56,2
1077,12,57,2
1078,12,58,2
1079,12,59,2
1080,12,60,2
1081,12,61,2
1082,12,62,2
1083,12,63,2
1084,12,64,2
1085,12,65,2
1086,12,66,2
1087,12,67,2
1088,12,68,2
1089,12,69,2
1090,12,70,2
1091,12,71,2
1092,12,72,2
1093,12,73,2
1094,12,74,2
1095,12,75,2
1096,12,76,2
1097,12,77,2
1098,12,78,2
1099,12,79,2
1100,12,80,2
1101,12,81,2
1102,12,82,2
1103,12,83,2
1104,12,84,2
1105,13,0,2
1106,13,1,2
1107,13,2,2
1108,13,3,2
1109,13,4,2
1110,13,5,2
1111,13,6,2
1112,13,7,2
1113,13,8,2
1114,13,9,2
1115,13,10,2
1116,13,11,2
1117,13,12,2
1118,13,13,2
1119,13,14,2
1120,13,15,2
1121,13,16,2
1122,13,17,2
1123,13,18,2
1124,13,19,2
1125,13,20,2
1126,13,21,2
1127,13,22,2
1128,13,23,2
1129,13,24,2
1130,13,25,2
1131,13,26,2
1132,13,27,2
1133,13,28,2
1134,13,29,2
1135,13,30,2
1136,13,31,2
1137,13,32,2
1138,13,33,1
1139,13,34,1
1140,13,35,1
1141,13,36,1
1142,13,37,1
1143,13,38,1
1144,13,39,4
1145,13,40,3
1146,13,41,3
1147,13,42,1
1148,13,43,3
1149,13,44,3
1150,13,45,3
1151,13,46,3
1152,13,47,4
1153,13,48,1
1154,13,49,1
1155,13,50,1
1156,13,51,3
1157,13,52,3
1158,13,53,1
1159,13,54,1
1160,13,55,1
1161,13,56,1
1162,13,57,2
1163,13,58,2
1164,13,59,2
1165,13,60,2
1166,13,61,2
1167,13,62,2
1168,13,63,2
1169,13,64,2
1170,13,65,2
1171,13,66,2
1172,13,67,2
1173,13,68,2
1174,13,69,2
1175,13,70,2
1176,13,71,2
1177,13,72,2
1178,13,73,2
1179,13,74,2
1180,13,75,2
1181,13,76,2
1182,13,77,2
1183,13,78,2
1184,13,79,2
1185,13,80,2
1186,13,81,2
1187,13,82,2
1188,13,83,2
1189,13,84,2
1190,14,0,2
1191,14,1,2
1192,14,2,2
1193,14,3,2
1194,14,4,2
1195,14,5,2
1196,14,6,2
1197,14,7,2
1198,14,8,2
1199,14,9,2
1200,14,10,2
1201,14,11,2
1202,14,12,2
1203,14,13,2
1204,14,14,2
1205,14,15,2
1206,14,16,2
1207,14,17,2
1208,14,18,2
1209,14,19,2
1210,14,20,2
1211,14,21,2
1212,14,22,2
1213,14,23,2
1214,14,24,2
1215,14,25,2
1216,14,26,2
1217,14,27,2
1218,14,28,2
1219,14,29,2
1220,14,30,2
1221,14,31,1
1222,14,32,1
1223,14,33,1
1224,14,34,3
1225,14,35,1
1226,14,36,3
1227,14,37,1
1228,14,38,1
1229,14,39,3
1230,14,40,4
1231,14,41,1
1232,14,42,1
1233,14,43,1
1234,14,44,1
1235,14,45,3
1236,14,46,3
1237,14,47,3
1238,14,48,3
1239,14,49,3
1240,14,50,3
1241,14,51,3
1242,14,52,3
1243,14,53,4
1244,14,54,4
1245,14,55,1
1246,14,56,1
1247,14,57,3
1248,14,58,2
1249,14,59,2
1250,14,60,2
1251,14,61,2
1252,14,62,2
1253,14,63,2
1254,14,64,2
1255,14,65,2
1256,14,66,2
1257,14,67,2
1258,14,68,2
1259,14,69,2
1260,14,70,2
1261,14,71,2
1262,14,72,2
1263,14,73,2
1264,14,74,2
1265,14,75,2
1266,14,76,2
1267,14,77,2
1268,14,78,2
1269,14,79,2
1270,14,80,2
1271,14,81,2
1272,14,82,2
1273,14,83,2
1274,14,84,2
1275,15,0,2
1276,15,1,2
1277,15,2,2
1278,15,3,2
1279,15,4,2
1280,15,5,2
1281,15,6,2
1282,15,7,2
1283,15,8,2
1284,15,9,2
1285,15,10,2
1286,15,11,2
1287,15,12,2
1288,15,13,2
1289,15,14,2
1290,15,15,2
1291,15,16,2
1292,15,17,2
1293,15,18,2
1294,15,19,2
1295,15,20,2
1296,15,21,2
1297,15,22,2
1298,15,23,2
1299,15,24,2
1300,15,25,2
1301,15,26,2
1302,15,27,2
1303,15,28,2
1304,15,29,1
1305,15,30,3
1306,15,31,1
1307,15,32,1
1308,15,33,1
1309,15,34,3
1310,15,35,1
1311,15,36,1
1312,15,37,3
1313,15,38,4
1314,15,39,3
1315,15,40,3
1316,15,41,3
1317,15,42,3
1318,15,43,1
1319,15,44,1
1320,15,45,1
1321,15,46,1
1322,15,47,1
1323,15,48,1
1324,15,49,1
1325,15,50,1
1326,15,51,1
1327,15,52,3
1328,15,53,1
1329,15,54,1
1330,15,55,1
1331,15,56,3
1332,15,57,1
1333,15,58,1
1334,15,59,1
1335,15,60,2
1336,15,61,2
1337,15,62,2
1338,15,63,2
1339,15,64,2
1340,15,65,2
1341,15,66,2
1342,15,67,2
1343,15,68,2
1344,15,69,2
1345,15,70,2
1346,15,71,2
1347,15,72,2
1348,15,73,2
1349,15,74,2
1350,15,75,2
1351,15,76,2
1352,15,77,2
1353,15,78,2
1354,15,79,2
1355,15,80,2
1356,15,81,2
1357,15,82,2
1358,15,83,2
1359,15,84,2
1360,16,0,2
1361,16,1,2
1362,16,2,2
1363,16,3,2
1364,16,4,2
1365,16,5,2
1366,16,6,2
1367,16,7,2
1368,16,8,2
1369,16,9,2
1370,16,10,2
1371,16,11,2
1372,16,12,2
1373,16,13,2
1374,16,14,2
1375,16,15,2
1376,16,16,2
1377,16,17,2
1378,16,18,2
1379,16,19,2
1380,16,20,2
1381,16,21,2
1382,16,22,2
1383,16,23,2
1384,16,24,2
1385,16,25,2
1386,16,26,2
1387,16,27,2
1388,16,28,1
1389,16,29,1
1390,16,30,1
1391,16,31,3
1392,16,32,1
1393,16,33,1
1394,16,34,1
1395,16,35,3
1396,16,36,1
1397,16,37,4
1398,16,38,3
1399,16,39,3
1400,16,40,3
1401,16,41,1
1402,16,42,3
1403,16,43,3
1404,16,44,3
1405,16,45,3
1406,16,46,1
1407,16,47,4
1408,16,48,3
1409,16,49,1
1410,16,50,4
1411,16,51,1
1412,16,52,1
1413,16,53,3
1414,16,54,1
1415,16,55,1
1416,16,56,1
1417,16,57,1
1418,16,58,1
1419,16,59,1
1420,16,60,1
1421,16,61,2
1422,16,62,2
1423,16,63,2
1424,16,64,2
1425,16,65,2
1426,16,66,2
1427,16,67,2
1428,16,68,2
1429,16,69,2
1430,16,70,2
1431,16,71,2
1432,16,72,2
1433,16,73,2
1434,16,74,2
1435,16,75,2
1436,16,76,2
1437,16,77,2
1438,16,78,2
1439,16,79,2
1440,16,80,2
1441,16,81,2
1442,16,82,2
1443,16,83,2
1444,16,84,2
1445,17,0,2
1446,17,1,2
1447,17,2,2
1448,17,3,2
1449,17,4,2
1450,17,5,2
1451,17,6,2
1452,17,7,2
1453,17,8,2
1454,17,9,2
1455,17,10,2
1456,17,11,2
1457,17,12,2
1458,17,13,2
1459,17,14,2
1460,17,15,2
1461,17,16,2
1462,17,17,2
1463,17,18,2
1464,17,19,2
1465,17,20,2
1466,17,21,2
1467,17,22,2
1468,17,23,2
1469,17,24,2
1470,17,25,2
1471,17,26,2
1472,17,27,3
1473,17,28,1
1474,17,29,1
1475,17,30,1
1476,17,31,4
1477,17,32,3
1478,17,33,4
1479,17,34,1
1480,17,35,4
1481,17,36,3
1482,17,37,3
1483,17,38,3
1484,17,39,3
1485,17,40,3
1486,17,41,3
1487,17,42,3
1488,17,43,3
1489,17,44,3
1490,17,45,1
1491,17,46,3
1492,17,47,3
1493,17,48,3
1494,17,49,3
1495,17,50,3
1496,17,51,3
1497,17,52,3
1498,17,53,3
1499,17,54,1
1500,17,55,3
1501,17,56,1
1502,17,57,3
1503,17,58,1
1504,17,59,3
1505,17,60,1
1506,17,61,1
1507,17,62,1
1508,17,63,2
1509,17,64,2
1510,17,65,2
1511,17,66,2
1512,17,67,2
1513,17,68,2
1514,17,69,2
1515,17,70,2
1516,17,71,2
1517,17,72,2
1518,17,73,2
1519,17,74,2
1520,17,75,2
1521,17,76,2
1522,17,77,2
1523,17,78,2
1524,17,79,2
1525,17,80,2
1526,17,81,2
1527,17,82,2
1528,17,83,2
1529,17,84,2
1530,18,0,2
1531,18,1,2
1532,18,2,2
1533,18,3,2
1534,18,4,2
1535,18,5,2
1536,18,6,2
1537,18,7,2
1538,18,8,2
1539,18,9,2
1540,18,10,2
1541,18,11,2
1542,18,12,2
1543,18,13,2
1544,18,14,2
1545,18,15,2
1546,18,16,2
1547,18,17,2
1548,18,18,2
1549,18,19,2
1550,18,20,2
1551,18,21,2
1552,18,22,2
1553,18,23,2
1554,18,24,2
1555,18,25,2
1556,18,26,1
1557,18,27,1
1558,18,28,3
1559,18,29,1
1560,18,30,3
1561,18,31,3
1562,18,32,1
1563,18,33,3
1564,18,34,1
1565,18,35,3
1566,18,36,3
1567,18,37,3
1568,18,38,3
1569,18,39,3
1570,18,40,3
1571,18,41,3
1572,18,42,3
1573,18,43,3
1574,18,44,3
1575,18,45,4
1576,18,46,3
1577,18,47,3
1578,18,48,3
1579,18,49,3
1580,18,50,3
1581,18,51,1
1582,18,52,3
1583,18,53,3
1584,18,54,3
1585,18,55,1
1586,18,56,1
1587,18,57,1
1588,18,58,1
1589,18,59,1
1590,18,60,1
1591,18,61,1
1592,18,62,1
1593,18,63,1
1594,18,64,2
1595,18,65,2
1596,18,66,2
1597,18,67,2
1598,18,68,2
1599,18,69,2
1600,18,70,2
1601,18,71,2
1602,18,72,2
1603,18,73,2
1604,18,74,2
1605,18,75,2
1606,18,76,2
1607,18,77,2
1608,18,78,2
1609,18,79,2
1610,18,80,2
1611,18,81,2
1612,18,82,2
1613,18,83,2
1614,18,84,2
1615,19,0,2
1616,19,1,2
1617,19,2,2
1618,19,3,2
1619,19,4,2
1620,19,5,2
1621,19,6,2
1622,19,7,2
1623,19,8,2
1624,19,9,2
1625,19,10,2
1626,19,11,2
1627,19,12,2
1628,19,13,2
1629,19,14,2
1630,19,15,2
1631,19,16,2
1632,19,17,2
1633,19,18,2
1634,19,19,2
1635,19,20,2
1636,19,21,2
1637,19,22,2
1638,19,23,2
1639,19,24,1
1640,19,25,1
1641,19,26,1
1642,19,27,1
1643,19,28,1
1644,19,29,3
1645,19,30,3
1646,19,31,1
1647,19,32,3
1648,19,33,3
1649,19,34,3
1650,19,35,3
1651,19,36,3
1652,19,37,3
1653,19,38,3
1654,19,39,3
1655,19,40,3
1656,19,41,3
1657,19,42,3
1658,19,43,3
1659,19,44,3
1660,19,45,1
1661,19,46,3
1662,19,47,3
1663,19,48,3
1664,19,49,3
1665,19,50,3
1666,19,51,1
1667,19,52,1
1668,19,53,3
1669,19,54,3
1670,19,55,3
1671,19,56,1
1672,19,57,1
1673,19,58,1
1674,19,59,1
1675,19,60,1
1676,19,61,1
1677,19,62,1
1678,19,63,1
1679,19,64,1
1680,19,65,2
1681,19,66,2
1682,19,67,2
1683,19,68,2
1684,19,69,2
1685,19,70,2
1686,19,71,2
1687,19,72,2
1688,19,73,2
1689,19,74,2
1690,19,75,2
1691,19,76,2
1692,19,77,2
1693,19,78,2
1694,19,79,2
1695,19,80,2
1696,19,81,2
1697,19,82,2
1698,19,83,2
1699,19,84,2
1700,20,0,2
1701,20,1,2
1702,20,2,2
1703,20,3,2
1704,20,4,2
1705,20,5,2
1706,20,6,2
1707,20,7,2
1708,20,8,2
1709,20,9,2
1710,20,10,2
1711,20,11,2
1712,20,12,2
1713,20,13,2
1714,20,14,2
1715,20,15,2
1716,20,16,2
1717,20,17,2
1718,20,18,2
1719,20,19,2
1720,20,20,2
1721,20,21,2
1722,20,22,2
1723,20,23,1
1724,20,24,1
1725,20,25,1
1726,20,26,1
1727,20,27,4
1728,20,28,3
1729,20,29,3
1730,20,30,1
1731,20,31,4
1732,20,32,3
1733,20,33,3
1734,20,34,3
1735,20,35,3
1736,20,36,3
1737,20,37,3
1738,20,38,3
1739,20,39,3
1740,20,40,3
1741,20,41,3
1742,20,42,3
1743,20,43,3
1744,20,44,3
1745,20,45,3
1746,20,46,3
1747,20,47,3
1748,20,48,3
1749,20,49,3
1750,20,50,3
1751,20,51,3
1752,20,52,3
1753,20,53,3
1754,20,54,3
1755,20,55,1
1756,20,56,3
1757,20,57,1
1758,20,58,1
1759,20,59,3
1760,20,60,3
1761,20,61,1
1762,20,62,4
1763,20,63,1
1764,20,64,1
1765,20,65,1
1766,20,66,2
1767,20,67,2
1768,20,68,2
1769,20,69,2
1770,20,70,2
1771,20,71,2
1772,20,72,2
1773,20,73,2
1774,20,74,2
1775,20,75,2
1776,20,76,2
1777,20,77,2
1778,20,78,2
1779,20,79,2
1780,20,80,2
1781,20,81,2
1782,20,82,2
1783,20,83,2
1784,20,84,2
1785,21,0,2
1786,21,1,2
1787,21,2,2
1788,21,3,2
1789,21,4,2
1790,21,5,2
1791,21,6,2
1792,21,7,2
1793,21,8,2
1794,21,9,2
1795,21,10,2
1796,21,11,2
1797,21,12,2
1798,21,13,2
1799,21,14,2
1800,21,15,2
1801,21,16,2
1802,21,17,2
1803,21,18,2
1804,21,19,2
1805,21,20,2
1806,21,21,2
1807,21,22,1
1808,21,23,1
1809,21,24,1
1810,21,25,1
1811,21,26,3
1812,21,27,3
1813,21,28,3
1814,21,29,1
1815,21,30,3
1816,21,31,3
1817,21,32,3
1818,21,33,3
1819,21,34,3
1820,21,35,3
1821,21,36,3
1822,21,37,3
1823,21,38,3
1824,21,39,3
1825,21,40,3
1826,21,41,4
1827,21,42,1
1828,21,43,3
1829,21,44,3
1830,21,45,3
1831,21,46,3
1832,21,47,3
1833,21,48,3
1834,21,49,3
1835,21,50,3
1836,21,51,3
1837,21,52,3
1838,21,53,3
1839,21,54,3
1840,21,55,3
1841,21,56,3
1842,21,57,4
1843,21,58,1
1844,21,59,1
1845,21,60,4
1846,21,61,3
1847,21,62,1
1848,21,63,3
1849,21,64,1
1850,21,65,1
1851,21,66,4
1852,21,67,2
1853,21,68,2
1854,21,69,2
1855,21,70,2
1856,21,71,2
1857,21,72,2
1858,21,73,2
1859,21,74,2
1860,21,75,2
1861,21,76,2
1862,21,77,2
1863,21,78,2
1864,21,79,2
1865,21,80,2
1866,21,81,2
1867,21,82,2
1868,21,83,2
1869,21,84,2
1870,22,0,2
1871,22,1,2
1872,22,2,2
1873,22,3,2
1874,22,4,2
1875,22,5,2
1876,22,6,2
1877,22,7,2
1878,22,8,2
1879,22,9,2
1880,22,10,2
1881,22,11,2
1882,22,12,2
1883,22,13,2
1884,22,14,2
1885,22,15,2
1886,22,16,2
1887,22,17,2
1888,22,18,2
1889,22,19,2
1890,22,20,2
1891,22,21,1
1892,22,22,1
1893,22,23,1
1894,22,24,1
1895,22,25,3
1896,22,26,3
1897,22,27,3
1898,22,28,1
1899,22,29,1
1900,22,30,3
1901,22,31,3
1902,22,32,3
1903,22,33,3
1904,22,34,3
1905,22,35,3
1906,22,36,3
1907,22,37,3
1908,22,38,3
1909,22,39,3
1910,22,40,3
1911,22,41,3
1912,22,42,3
1913,22,43,4
1914,22,44,3
1915,22,45,3
1916,22,46,3
1917,22,47,3
1918,22,48,3
1919,22,49,3
1920,22,50,3
1921,22,51,3
1922,22,52,3
1923,22,53,3
1924,22,54,3
1925,22,55,1
1926,22,56,4
1927,22,57,1
1928,22,58,3
1929,22,59,3
1930,22,60,1
1931,22,61,1
1932,22,62,3
1933,22,63,3
1934,22,64,3
1935,22,65,1
1936,22,66,1
1937,22,67,1
1938,22,68,2
1939,22,69,2
1940,22,70,2
1941,22,71,2
1942,22,72,2
1943,22,73,2
1944,22,74,2
1945,22,75,2
1946,22,76,2
1947,22,77,2
1948,22,78,2
1949,22,79,2
1950,22,80,2
1951,22,81,2
1952,22,82,2
1953,22,83,2
1954,22,84,2
1955,23,0,2
1956,23,1,2
1957,23,2,2
1958,23,3,2
1959,23,4,2
1960,23,5,2
1961,23,6,2
1962,23,7,2
1963,23,8,2
1964,23,9,2
1965,23,10,2
1966,23,11,2
1967,23,12,2
1968,23,13,2
1969,23,14,2
1970,23,15,2
1971,23,16,2
1972,23,17,2
1973,23,18,2
1974,23,19,2
1975,23,20,2
1976,23,21,1
1977,23,22,1
1978,23,23,1
1979,23,24,3
1980,23,25,3
1981,23,26,3
1982,23,27,3
1983,23,28,1
1984,23,29,3
1985,23,30,3
1986,23,31,3
1987,23,32,3
1988,23,33,3
1989,23,34,3
1990,23,35,3
1991,23,36,3
1992,23,37,3
1993,23,38,3
1994,23,39,3
1995,23,40,3
1996,23,41,3
1997,23,42,3
1998,23,43,3
1999,23,44,3
2000,23,45,3
2001,23,46,3
2002,23,47,3
2003,23,48,3
2004,23,49,3
2005,23,50,3
2006,23,51,3
2007,23,52,3
2008,23,53,3
2009,23,54,3
2010,23,55,3
2011,23,56,3
2012,23,57,3
2013,23,58,3
2014,23,59,3
2015,23,60,4
2016,23,61,1
2017,23,62,3
2018,23,63,3
2019,23,64,3
2020,23,65,3
2021,23,66,1
2022,23,67,1
2023,23,68,1
2024,23,69,2
2025,23,70,2
2026,23,71,2
2027,23,72,2
2028,23,73,2
2029,23,74,2
2030,23,75,2
2031,23,76,2
2032,23,77,2
2033,23,78,2
2034,23,79,2
2035,23,80,2
2036,23,81,2
2037,23,82,2
2038,23,83,2
2039,23,84,2
2040,24,0,2
2041,24,1,2
2042,24,2,2
2043,24,3,2
2044,24,4,2
2045,24,5,2
2046,24,6,2
2047,24,7,2
2048,24,8,2
2049,24,9,2
2050,24,10,2
2051,24,11,2
2052,24,12,2
2053,24,13,2
2054,24,14,2
2055,24,15,2
2056,24,16,2
2057,24,17,2
2058,24,18,2
2059,24,19,2
2060,24,20,4
2061,24,21,1
2062,24,22,1
2063,24,23,3
2064,24,24,3
2065,24,25,3
2066,24,26,3
2067,24,27,1
2068,24,28,3
2069,24,29,3
2070,24,30,3
2071,24,31,3
2072,24,32,3
2073,24,33,3
2074,24,34,3
2075,24,35,3
2076,24,36,3
2077,24,37,3
2078,24,38,3
2079,24,39,3
2080,24,40,3
2081,24,41,3
2082,24,42,3
2083,24,43,3
2084,24,44,3
2085,24,45,3
2086,24,46,3
2087,24,47,3
2088,24,48,3
2089,24,49,3
2090,24,50,3
2091,24,51,3
2092,24,52,3
2093,24,53,3
2094,24,54,3
2095,24,55,3
2096,24,56,3
2097,24,57,3
2098,24,58,3
2099,24,59,3
2100,24,60,3
2101,24,61,1
2102,24,62,1
2103,24,63,3
2104,24,64,3
2105,24,65,3
2106,24,66,3
2107,24,67,1
2108,24,68,1
2109,24,69,1
2110,24,70,2
2111,24,71,2
2112,24,72,2
2113,24,73,2
2114,24,74,2
2115,24,75,2
2116,24,76,2
2117,24,77,2
2118,24,78,2
2119,24,79,2
2120,24,80,2
2121,24,81,2
2122,24,82,2
2123,24,83,2
2124,24,84,2
2125,25,0,2
2126,25,1,2
2127,25,2,2
2128,25,3,2
2129,25,4,2
2130,25,5,2
2131,25,6,2
2132,25,7,2
2133,25,8,2
2134,25,9,2
2135,25,10,2
2136,25,11,2
2137,25,12,2
2138,25,13,2
2139,25,14,2
2140,25,15,2
2141,25,16,2
2142,25,17,2
2143,25,18,2
2144,25,19,1
2145,25,20,1
2146,25,21,1
2147,25,22,3
2148,25,23,3
2149,25,24,1
2150,25,25,1
2151,25,26,1
2152,25,27,3
2153,25,28,3
2154,25,29,3
2155,25,30,3
2156,25,31,3
2157,25,32,3
2158,25,33,3
2159,25,34,3
2160,25,35,3
2161,25,36,3
2162,25,37,3
2163,25,38,3
2164,25,39,3
2165,25,40,3
2166,25,41,3
2167,25,42,3
2168,25,43,3
2169,25,44,3
2170,25,45,3
2171,25,46,3
2172,25,47,3
2173,25,48,3
2174,25,49,3
2175,25,50,3
2176,25,51,3
2177,25,52,3
2178,25,53,3
2179,25,54,3
2180,25,55,3
2181,25,56,3
2182,25,57,3
2183,25,58,3
2184,25,59,3
2185,25,60,3
2186,25,61,3
2187,25,62,1
2188,25,63,3
2189,25,64,1
2190,25,65,1
2191,25,66,3
2192,25,67,3
2193,25,68,1
2194,25,69,3
2195,25,70,2
2196,25,71,2
2197,25,72,2
2198,25,73,2
2199,25,74,2
2200,25,75,2
2201,25,76,2
2202,25,77,2
2203,25,78,2
2204,25,79,2
2205,25,80,2
2206,25,81,2
2207,25,82,2
2208,25,83,2
2209,25,84,2
2210,26,0,2
2211,26,1,2
2212,26,2,2
2213,26,3,2
2214,26,4,2
2215,26,5,2
2216,26,6,2
2217,26,7,2
2218,26,8,2
2219,26,9,2
2220,26,10,2
2221,26,11,2
2222,26,12,2
2223,26,13,2
2224,26,14,2
2225,26,15,2
2226,26,16,2
2227,26,17,2
2228,26,18,2
2229,26,19,1
2230,26,20,1
2231,26,21,1
2232,26,22,3
2233,26,23,1
2234,26,24,1
2235,26,25,1
2236,26,26,1
2237,26,27,3
2238,26,28,3
2239,26,29,3
2240,26,30,3
2241,26,31,3
2242,26,32,3
2243,26,33,3
2244,26,34,3
2245,26,35,3
2246,26,36,1
2247,26,37,3
2248,26,38,3
2249,26,39,3
2250,26,40,3
2251,26,41,4
2252,26,42,1
2253,26,43,3
2254,26,44,3
2255,26,45,3
2256,26,46,3
2257,26,47,3
2258,26,48,3
2259,26,49,3
2260,26,50,3
2261,26,51,3
2262,26,52,3
2263,26,53,3
2264,26,54,3
2265,26,55,3
2266,26,56,3
2267,26,57,3
2268,26,58,3
2269,26,59,1
2270,26,60,4
2271,26,61,3
2272,26,62,1
2273,26,63,4
2274,26,64,1
2275,26,65,3
2276,26,66,3
2277,26,67,3
2278,26,68,1
2279,26,69,1
2280,26,70,1
2281,26,71,2
2282,26,72,2
2283,26,73,2
2284,26,74,2
2285,26,75,2
2286,26,76,2
2287,26,77,2
2288,26,78,2
2289,26,79,2
2290,26,80,2
2291,26,81,2
2292,26,82,2
2293,26,83,2
2294,26,84,2
2295,27,0,2
2296,27,1,2
2297,27,2,2
2298,27,3,2
2299,27,4,2
2300,27,5,2
2301,27,6,2
2302,27,7,2
2303,27,8,2
2304,27,9,2
2305,27,10,2
2306,27,11,2
2307,27,12,2
2308,27,13,2
2309,27,14,2
2310,27,15,2
2311,27,16,2
2312,27,17,2
2313,27,18,4
2314,27,19,1
2315,27,20,1
2316,27,21,3
2317,27,22,3
2318,27,23,1
2319,27,24,1
2320,27,25,1
2321,27,26,1
2322,27,27,3
2323,27,28,3
2324,27,29,3
2325,27,30,3
2326,27,31,3
2327,27,32,3
2328,27,33,3
2329,27,34,3
2330,27,35,3
2331,27,36,3
2332,27,37,3
2333,27,38,3
2334,27,39,3
2335,27,40,3
2336,27,41,3
2337,27,42,3
2338,27,43,3
2339,27,44,3
2340,27,45,3
2341,27,46,3
2342,27,47,3
2343,27,48,3
2344,27,49,3
2345,27,50,3
2346,27,51,1
2347,27,52,4
2348,27,53,1
2349,27,54,4
2350,27,55,1
2351,27,56,1
2352,27,57,1
2353,27,58,1
2354,27,59,1
2355,27,60,4
2356,27,61,1
2357,27,62,1
2358,27,63,1
2359,27,64,1
2360,27,65,3
2361,27,66,1
2362,27,67,3
2363,27,68,3
2364,27,69,1
2365,27,70,3
2366,27,71,2
2367,27,72,2
2368,27,73,2
2369,27,74,2
2370,27,75,2
2371,27,76,2
2372,27,77,2
2373,27,78,2
2374,27,79,2
2375,27,80,2
2376,27,81,2
2377,27,82,2
2378,27,83,2
2379,27,84,2
2380,28,0,2
2381,28,1,2
2382,28,2,2
2383,28,3,2
2384,28,4,2
2385,28,5,2
2386,28,6,2
2387,28,7,2
2388,28,8,2
2389,28,9,2
2390,28,10,2
2391,28,11,2
2392,28,12,2
2393,28,13,2
2394,28,14,2
2395,28,15,2
2396,28,16,2
2397,28,17,1
2398,28,18,1
2399,28,19,1
2400,28,20,1
2401,28,21,3
2402,28,22,3
2403,28,23,1
2404,28,24,3
2405,28,25,1
2406,28,26,3
2407,28,27,3
2408,28,28,3
2409,28,29,3
2410,28,30,3
2411,28,31,3
2412,28,32,3
2413,28,33,3
2414,28,34,3
2415,28,35,3
2416,28,36,3
2417,28,37,1
2418,28,38,1
2419,28,39,3
2420,28,40,3
2421,28,41,3
2422,28,42,3
2423,28,43,3
2424,28,44,3
2425,28,45,3
2426,28,46,1
2427,28,47,3
2428,28,48,3
2429,28,49,3
2430,28,50,1
2431,28,51,4
2432,28,52,4
2433,28,53,3
2434,28,54,3
2435,28,55,3
2436,28,56,3
2437,28,57,3
2438,28,58,3
2439,28,59,4
2440,28,60,4
2441,28,61,4
2442,28,62,1
2443,28,63,3
2444,28,64,1
2445,28,65,3
2446,28,66,1
2447,28,67,3
2448,28,68,3
2449,28,69,1
2450,28,70,1
2451,28,71,1
2452,28,72,2
2453,28,73,2
2454,28,74,2
2455,28,75,2
2456,28,76,2
2457,28,77,2
2458,28,78,2
2459,28,79,2
2460,28,80,2
2461,28,81,2
2462,28,82,2
2463,28,83,2
2464,28,84,2
2465,29,0,2
2466,29,1,2
2467,29,2,2
2468,29,3,2
2469,29,4,2
2470,29,5,2
2471,29,6,2
2472,29,7,2
2473,29,8,2
2474,29,9,2
2475,29,10,2
2476,29,11,2
2477,29,12,2
2478,29,13,2
2479,29,14,2
2480,29,15,2
2481,29,16,2
2482,29,17,1
2483,29,18,1
2484,29,19,1
2485,29,20,3
2486,29,21,3
2487,29,22,1
2488,29,23,3
2489,29,24,1
2490,29,25,1
2491,29,26,3
2492,29,27,3
2493,29,28,3
2494,29,29,3
2495,29,30,3
2496,29,31,3
2497,29,32,3
2498,29,33,3
2499,29,34,3
2500,29,35,3
2501,29,36,3
2502,29,37,1
2503,29,38,1
2504,29,39,1
2505,29,40,3
2506,29,41,3
2507,29,42,3
2508,29,43,3
2509,29,44,3
2510,29,45,1
2511,29,46,3
2512,29,47,3
2513,29,48,3
2514,29,49,1
2515,29,50,4
2516,29,51,3
2517,29,52,1
2518,29,53,1
2519,29,54,1
2520,29,55,1
2521,29,56,1
2522,29,57,1
2523,29,58,3
2524,29,59,1
2525,29,60,1
2526,29,61,1
2527,29,62,1
2528,29,63,3
2529,29,64,4
2530,29,65,3
2531,29,66,1
2532,29,67,3
2533,29,68,3
2534,29,69,1
2535,29,70,1
2536,29,71,1
2537,29,72,2
2538,29,73,2
2539,29,74,2
2540,29,75,2
2541,29,76,2
2542,29,77,2
2543,29,78,2
2544,29,79,2
2545,29,80,2
2546,29,81,2
2547,29,82,2
2548,29,83,2
2549,29,84,2
2550,30,0,2
2551,30,1,2
2552,30,2,2
2553,30,3,2
2554,30,4,2
2555,30,5,2
2556,30,6,2
2557,30,7,2
2558,30,8,2
2559,30,9,2
2560,30,10,2
2561,30,11,2
2562,30,12,2
2563,30,13,2
2564,30,14,2
2565,30,15,2
2566,30,16,2
2567,30,17,1
2568,30,18,1
2569,30,19,1
2570,30,20,3
2571,30,21,1
2572,30,22,3
2573,30,23,1
2574,30,24,1
2575,30,25,3
2576,30,26,3
2577,30,27,3
2578,30,28,3
2579,30,29,3
2580,30,30,3
2581,30,31,3
2582,30,32,3
2583,30,33,3
2584,30,34,3
2585,30,35,3
2586,30,36,3
2587,30,37,3
2588,30,38,4
2589,30,39,1
2590,30,40,3
2591,30,41,3
2592,30,42,3
2593,30,43,4
2594,30,44,3
2595,30,45,3
2596,30,46,3
2597,30,47,3
2598,30,48,3
2599,30,49,3
2600,30,50,3
2601,30,51,1
2602,30,52,1
2603,30,53,1
2604,30,54,1
2605,30,55,1
2606,30,56,1
2607,30,57,3
2608,30,58,4
2609,30,59,1
2610,30,60,1
2611,30,61,1
2612,30,62,1
2613,30,63,1
2614,30,64,1
2615,30,65,3
2616,30,66,3
2617,30,67,1
2618,30,68,3
2619,30,69,1
2620,30,70,1
2621,30,71,3
2622,30,72,2
2623,30,73,2
2624,30,74,2
2625,30,75,2
2626,30,76,2
2627,30,77,2
2628,30,78,2
2629,30,79,2
2630,30,80,2
2631,30,81,2
2632,30,82,2
2633,30,83,2
2634,30,84,2
2635,31,0,2
2636,31,1,2
2637,31,2,2
2638,31,3,2
2639,31,4,2
2640,31,5,2
2641,31,6,2
2642,31,7,2
2643,31,8,2
2644,31,9,2
2645,31,10,2
2646,31,11,2
2647,31,12,2
2648,31,13,2
2649,31,14,2
2650,31,15,2
2651,31,16,1
2652,31,17,1
2653,31,18,1
2654,31,19,3
2655,31,20,3
2656,31,21,3
2657,31,22,1
2658,31,23,1
2659,31,24,4
2660,31,25,3
2661,31,26,1
2662,31,27,3
2663,31,28,3
2664,31,29,3
2665,31,30,3
2666,31,31,3
2667,31,32,3
2668,31,33,3
2669,31,34,3
2670,31,35,3
2671,31,36,3
2672,31,37,3
2673,31,38,3
2674,31,39,1
2675,31,40,1
2676,31,41,3
2677,31,42,1
2678,31,43,3
2679,31,44,3
2680,31,45,3
2681,31,46,3
2682,31,47,3
2683,31,48,3
2684,31,49,3
2685,31,50,1
2686,31,51,1
2687,31,52,1
2688,31,53,1
2689,31,54,1
2690,31,55,1
2691,31,56,1
2692,31,57,3
2693,31,58,4
2694,31,59,1
2695,31,60,1
2696,31,61,1
2697,31,62,1
2698,31,63,1
2699,31,64,1
2700,31,65,3
2701,31,66,3
2702,31,67,1
2703,31,68,1
2704,31,69,1
2705,31,70,1
2706,31,71,1
2707,31,72,1
2708,31,73,2
2709,31,74,2
2710,31,75,2
2711,31,76,2
2712,31,77,2
2713,31,78,2
2714,31,79,2
2715,31,80,2
2716,31,81,2
2717,31,82,2
2718,31,83,2
2719,31,84,2
2720,32,0,2
2721,32,1,2
2722,32,2,2
2723,32,3,2
2724,32,4,2
2725,32,5,2
2726,32,6,2
2727,32,7,2
2728,32,8,2
2729,32,9,2
2730,32,10,2
2731,32,11,2
2732,32,12,2
2733,32,13,2
2734,32,14,2
2735,32,15,2
2736,32,16,1
2737,32,17,1
2738,32,18,1
2739,32,19,3
2740,32,20,3
2741,32,21,4
2742,32,22,1
2743,32,23,3
2744,32,24,3
2745,32,25,3
2746,32,26,3
2747,32,27,3
2748,32,28,3
2749,32,29,3
2750,32,30,3
2751,32,31,3
2752,32,32,3
2753,32,33,3
2754,32,34,3
2755,32,35,3
2756,32,36,3
2757,32,37,3
2758,32,38,3
2759,32,39,3
2760,32,40,1
2761,32,41,1
2762,32,42,1
2763,32,43,3
2764,32,44,3
2765,32,45,3
2766,32,46,3
2767,32,47,3
2768,32,48,3
2769,32,49,1
2770,32,50,1
2771,32,51,1
2772,32,52,1
2773,32,53,1
2774,32,54,1
2775,32,55,1
2776,32,56,1
2777,32,57,1
2778,32,58,3
2779,32,59,3
2780,32,60,1
2781,32,61,1
2782,32,62,1
2783,32,63,1
2784,32,64,4
2785,32,65,3
2786,32,66,1
2787,32,67,3
2788,32,68,1
2789,32,69,3
2790,32,70,1
2791,32,71,1
2792,32,72,1
2793,32,73,2
2794,32,74,2
2795,32,75,2
2796,32,76,2
2797,32,77,2
2798,32,78,2
2799,32,79,2
2800,32,80,2
2801,32,81,2
2802,32,82,2
2803,32,83,2
2804,32,84,2
2805,33,0,2
2806,33,1,2
2807,33,2,2
2808,33,3,2
2809,33,4,2
2810,33,5,2
2811,33,6,2
2812,33,7,2
2813,33,8,2
2814,33,9,2
2815,33,10,2
2816,33,11,2
2817,33,12,2
2818,33,13,2
2819,33,14,2
2820,33,15,2
2821,33,16,3
2822,33,17,1
2823,33,18,1
2824,33,19,1
2825,33,20,3
2826,33,21,1
2827,33,22,1
2828,33,23,3
2829,33,24,3
2830,33,25,3
2831,33,26,3
2832,33,27,3
2833,33,28,3
2834,33,29,3
2835,33,30,3
2836,33,31,3
2837,33,32,3
2838,33,33,3
2839,33,34,3
2840,33,35,3
2841,33,36,3
2842,33,37,3
2843,33,38,3
2844,33,39,3
2845,33,40,1
2846,33,41,1
2847,33,42,3
2848,33,43,3
2849,33,44,3
2850,33,45,3
2851,33,46,3
2852,33,47,3
2853,33,48,3
2854,33,49,1
2855,33,50,1
2856,33,51,1
2857,33,52,1
2858,33,53,1
2859,33,54,1
2860,33,55,1
2861,33,56,1
2862,33,57,1
2863,33,58,1
2864,33,59,3
2865,33,60,1
2866,33,61,4
2867,33,62,1
2868,33,63,1
2869,33,64,4
2870,33,65,1
2871,33,66,1
2872,33,67,3
2873,33,68,3
2874,33,69,3
2875,33,70,1
2876,33,71,1
2877,33,72,1
2878,33,73,2
2879,33,74,2
2880,33,75,2
2881,33,76,2
2882,33,77,2
2883,33,78,2
2884,33,79,2
2885,33,80,2
2886,33,81,2
2887,33,82,2
2888,33,83,2
2889,33,84,2
2890,34,0,2
2891,34,1,2
2892,34,2,2
2893,34,3,2
2894,34,4,2
2895,34,5,2
2896,34,6,2
2897,34,7,2
2898,34,8,2
2899,34,9,2
2900,34,10,2
2901,34,11,2
2902,34,12,2
2903,34,13,2
2904,34,14,2
2905,34,15,2
2906,34,16,1
2907,34,17,1
2908,34,18,3
2909,34,19,1
2910,34,20,1
2911,34,21,3
2912,34,22,1
2913,34,23,3
2914,34,24,3
2915,34,25,3
2916,34,26,3
2917,34,27,3
2918,34,28,3
2919,34,29,3
2920,34,30,3
2921,34,31,3
2922,34,32,3
2923,34,33,3
2924,34,34,3
2925,34,35,3
2926,34,36,3
2927,34,37,3
2928,34,38,3
2929,34,39,3
2930,34,40,4
2931,34,41,1
2932,34,42,3
2933,34,43,3
2934,34,44,3
2935,34,45,3
2936,34,46,3
2937,34,47,3
2938,34,48,3
2939,34,49,1
2940,34,50,1
2941,34,51,1
2942,34,52,1
2943,34,53,1
2944,34,54,1
2945,34,55,1
2946,34,56,1
2947,34,57,1
2948,34,58,3
2949,34,59,1
2950,34,60,1
2951,34,61,1
2952,34,62,1
2953,34,63,1
2954,34,64,4
2955,34,65,1
2956,34,66,3
2957,34,67,3
2958,34,68,3
2959,34,69,1
2960,34,70,1
2961,34,71,1
2962,34,72,1
2963,34,73,2
2964,34,74,2
2965,34,75,2
2966,34,76,2
2967,34,77,2
2968,34,78,2
2969,34,79,2
2970,34,80,2
2971,34,81,2
2972,34,82,2
2973,34,83,2
2974,34,84,2
2975,35,0,2
2976,35,1,2
2977,35,2,2
2978,35,3,2
2979,35,4,2
2980,35,5,2
2981,35,6,2
2982,35,7,2
2983,35,8,2
2984,35,9,2
2985,35,10,2
2986,35,11,2
2987,35,12,2
2988,35,13,2
2989,35,14,2
2990,35,15,1
2991,35,16,1
2992,35,17,1
2993,35,18,1
2994,35,19,3
2995,35,20,1
2996,35,21,3
2997,35,22,4
2998,35,23,3
2999,35,24,3
3000,35,25,3
3001,35,26,3
3002,35,27,3
3003,35,28,3
3004,35,29,3
3005,35,30,3
3006,35,31,3
3007,35,32,3
3008,35,33,3
3009,35,34,3
3010,35,35,3
3011,35,36,3
3012,35,37,3
3013,35,38,3
3014,35,39,3
3015,35,40,4
3016,35,41,1
3017,35,42,3
3018,35,43,3
3019,35,44,3
3020,35,45,3
3021,35,46,3
3022,35,47,3
3023,35,48,1
3024,35,49,1
3025,35,50,1
3026,35,51,1
3027,35,52,1
3028,35,53,1
3029,35,54,1
3030,35,55,1
3031,35,56,1
3032,35,57,1
3033,35,58,1
3034,35,59,1
3035,35,60,1
3036,35,61,1
3037,35,62,1
3038,35,63,3
3039,35,64,3
3040,35,65,3
3041,35,66,1
3042,35,67,1
3043,35,68,3
3044,35,69,3
3045,35,70,1
3046,35,71,1
3047,35,72,1
3048,35,73,2
3049,35,74,2
3050,35,75,2
3051,35,76,2
3052,35,77,2
3053,35,78,2
3054,35,79,2
3055,35,80,2
3056,35,81,2
3057,35,82,2
3058,35,83,2
3059,35,84,2
3060,36,0,2
3061,36,1,2
3062,36,2,2
3063,36,3,2
3064,36,4,2
3065,36,5,2
3066,36,6,2
3067,36,7,2
3068,36,8,2
3069,36,9,2
3070,36,10,2
3071,36,11,2
3072,36,12,2
3073,36,13,2
3074,36,14,2
3075,36,15,1
3076,36,16,1
3077,36,17,1
3078,36,18,1
3079,36,19,1
3080,36,20,4
3081,36,21,1
3082,36,22,3
3083,36,23,3
3084,36,24,3
3085,36,25,3
3086,36,26,3
3087,36,27,3
3088,36,28,3
3089,36,29,3
3090,36,30,3
3091,36,31,3
3092,36,32,3
3093,36,33,3
3094,36,34,3
3095,36,35,3
3096,36,36,3
3097,36,37,1
3098,36,38,3
3099,36,39,1
3100,36,40,3
3101,36,41,1
3102,36,42,3
3103,36,43,3
3104,36,44,3
3105,36,45,3
3106,36,46,3
3107,36,47,3
3108,36,48,1
3109,36,49,1
3110,36,50,1
3111,36,51,1
3112,36,52,1
3113,36,53,1
3114,36,54,1
3115,36,55,1
3116,36,56,1
3117,36,57,1
3118,36,58,1
3119,36,59,1
3120,36,60,1
3121,36,61,1
3122,36,62,1
3123,36,63,1
3124,36,64,3
3125,36,65,3
3126,36,66,1
3127,36,67,3
3128,36,68,3
3129,36,69,1
3130,36,70,1
3131,36,71,1
3132,36,72,1
3133,36,73,2
3134,36,74,2
3135,36,75,2
3136,36,76,2
3137,36,77,2
3138,36,78,2
3139,36,79,2
3140,36,80,2
3141,36,81,2
3142,36,82,2
3143,36,83,2
3144,36,84,2
3145,37,0,2
3146,37,1,2
3147,37,2,2
3148,37,3,2
3149,37,4,2
3150,37,5,2
3151,37,6,2
3152,37,7,2
3153,37,8,2
3154,37,9,2
3155,37,10,2
3156,37,11,2
3157,37,12,2
3158,37,13,2
3159,37,14,2
3160,37,15,1
3161,37,16,1
3162,37,17,1
3163,37,18,3
3164,37,19,1
3165,37,20,3
3166,37,21,1
3167,37,22,3
3168,37,23,3
3169,37,24,3
3170,37,25,3
3171,37,26,3
3172,37,27,3
3173,37,28,3
3174,37,29,1
3175,37,30,3
3176,37,31,3
3177,37,32,3
3178,37,33,3
3179,37,34,3
3180,37,35,3
3181,37,36,3
3182,37,37,1
3183,37,38,3
3184,37,39,3
3185,37,40,3
3186,37,41,3
3187,37,42,3
3188,37,43,3
3189,37,44,3
3190,37,45,3
3191,37,46,3
3192,37,47,3
3193,37,48,1
3194,37,49,1
3195,37,50,1
3196,37,51,1
3197,37,52,1
3198,37,53,1
3199,37,54,1
3200,37,55,1
3201,37,56,1
3202,37,57,3
3203,37,58,1
3204,37,59,1
3205,37,60,1
3206,37,61,3
3207,37,62,1
3208,37,63,1
3209,37,64,3
3210,37,65,3
3211,37,66,1
3212,37,67,3
3213,37,68,3
3214,37,69,3
3215,37,70,3
3216,37,71,1
3217,37,72,1
3218,37,73,2
3219,37,74,2
3220,37,75,2
3221,37,76,2
3222,37,77,2
3223,37,78,2
3224,37,79,2
3225,37,80,2
3226,37,81,2
3227,37,82,2
3228,37,83,2
3229,37,84,2
3230,38,0,2
3231,38,1,2
3232,38,2,2
3233,38,3,2
3234,38,4,2
3235,38,5,2
3236,38,6,2
3237,38,7,2
3238,38,8,2
3239,38,9,2
3240,38,10,2
3241,38,11,2
3242,38,12,2
3243,38,13,2
3244,38,14,2
3245,38,15,3
3246,38,16,1
3247,38,17,1
3248,38,18,3
3249,38,19,1
3250,38,20,3
3251,38,21,3
3252,38,22,3
3253,38,23,3
3254,38,24,3
3255,38,25,3
3256,38,26,3
3257,38,27,3
3258,38,28,3
3259,38,29,3
3260,38,30,3
3261,38,31,3
3262,38,32,3
3263,38,33,3
3264,38,34,3
3265,38,35,3
3266,38,36,3
3267,38,37,3
3268,38,38,3
3269,38,39,3
3270,38,40,3
3271,38,41,3
3272,38,42,3
3273,38,43,3
3274,38,44,3
3275,38,45,3
3276,38,46,3
3277,38,47,3
3278,38,48,1
3279,38,49,1
3280,38,50,1
3281,38,51,1
3282,38,52,1
3283,38,53,1
3284,38,54,1
3285,38,55,1
3286,38,56,1
3287,38,57,3
3288,38,58,1
3289,38,59,1
3290,38,60,1
3291,38,61,1
3292,38,62,1
3293,38,63,1
3294,38,64,3
3295,38,65,3
3296,38,66,3
3297,38,67,3
3298,38,68,3
3299,38,69,3
3300,38,70,1
3301,38,71,1
3302,38,72,1
3303,38,73,2
3304,38,74,2
3305,38,75,2
3306,38,76,2
3307,38,77,2
3308,38,78,2
3309,38,79,2
3310,38,80,2
3311,38,81,2
3312,38,82,2
3313,38,83,2
3314,38,84,2
3315,39,0,2
3316,39,1,2
3317,39,2,2
3318,39,3,2
3319,39,4,2
3320,39,5,2
3321,39,6,2
3322,39,7,2
3323,39,8,2
3324,39,9,2
3325,39,10,2
3326,39,11,2
3327,39,12,2
3328,39,13,2
3329,39,14,2
3330,39,15,1
3331,39,16,1
3332,39,17,1
3333,39,18,3
3334,39,19,4
3335,39,20,3
3336,39,21,3
3337,39,22,3
3338,39,23,3
3339,39,24,3
3340,39,25,3
3341,39,26,3
3342,39,27,1
3343,39,28,3
3344,39,29,3
3345,39,30,3
3346,39,31,3
3347,39,32,3
3348,39,33,1
3349,39,34,3
3350,39,35,3
3351,39,36,3
3352,39,37,3
3353,39,38,3
3354,39,39,3
3355,39,40,3
3356,39,41,3
3357,39,42,3
3358,39,43,3
3359,39,44,3
3360,39,45,3
3361,39,46,3
3362,39,47,3
3363,39,48,3
3364,39,49,1
3365,39,50,1
3366,39,51,1
3367,39,52,1
3368,39,53,1
3369,39,54,1
3370,39,55,1
3371,39,56,1
3372,39,57,1
3373,39,58,1
3374,39,59,1
3375,39,60,3
3376,39,61,3
3377,39,62,1
3378,39,63,3
3379,39,64,3
3380,39,65,3
3381,39,66,3
3382,39,67,3
3383,39,68,3
3384,39,69,4
3385,39,70,1
3386,39,71,1
3387,39,72,1
3388,39,73,2
3389,39,74,2
3390,39,75,2
3391,39,76,2
3392,39,77,2
3393,39,78,2
3394,39,79,2
3395,39,80,2
3396,39,81,2
3397,39,82,2
3398,39,83,2
3399,39,84,2
3400,40,0,2
3401,40,1,2
3402,40,2,2
3403,40,3,2
3404,40,4,2
3405,40,5,2
3406,40,6,2
3407,40,7,2
3408,40,8,2
3409,40,9,2
3410,40,10,2
3411,40,11,2
3412,40,12,2
3413,40,13,2
3414,40,14,2
3415,40,15,1
3416,40,16,1
3417,40,17,1
3418,40,18,3
3419,40,19,3
3420,40,20,4
3421,40,21,3
3422,40,22,3
3423,40,23,3
3424,40,24,3
3425,40,25,3
3426,40,26,3
3427,40,27,3
3428,40,28,3
3429,40,29,3
3430,40,30,3
3431,40,31,3
3432,40,32,1
3433,40,33,3
3434,40,34,3
3435,40,35,3
3436,40,36,3
3437,40,37,3
3438,40,38,3
3439,40,39,3
3440,40,40,3
3441,40,41,3
3442,40,42,3
3443,40,43,3
3444,40,44,3
3445,40,45,3
3446,40,46,3
3447,40,47,3
3448,40,48,3
3449,40,49,3
3450,40,50,1
3451,40,51,1
3452,40,52,1
3453,40,53,1
3454,40,54,1
3455,40,55,1
3456,40,56,3
3457,40,57,1
3458,40,58,1
3459,40,59,1
3460,40,60,1
3461,40,61,1
3462,40,62,1
3463,40,63,3
3464,40,64,3
3465,40,65,3
3466,40,66,3
3467,40,67,3
3468,40,68,3
3469,40,69,4
3470,40,70,1
3471,40,71,1
3472,40,72,4
3473,40,73,2
3474,40,74,2
3475,40,75,2
3476,40,76,2
3477,40,77,2
3478,40,78,2
3479,40,79,2
3480,40,80,2
3481,40,81,2
3482,40,82,2
3483,40,83,2
3484,40,84,2
3485,41,0,2
3486,41,1,2
3487,41,2,2
3488,41,3,2
3489,41,4,2
3490,41,5,2
3491,41,6,2
3492,41,7,2
3493,41,8,2
3494,41,9,2
3495,41,10,2
3496,41,11,2
3497,41,12,2
3498,41,13,2
3499,41,14,2
3500,41,15,1
3501,41,16,1
3502,41,17,1
3503,41,18,1
3504,41,19,1
3505,41,20,1
3506,41,21,3
3507,41,22,3
3508,41,23,3
3509,41,24,3
3510,41,25,3
3511,41,26,3
3512,41,27,3
3513,41,28,3
3514,41,29,3
3515,41,30,3
3516,41,31,3
3517,41,32,1
3518,41,33,3
3519,41,34,3
3520,41,35,3
3521,41,36,3
3522,41,37,3
3523,41,38,3
3524,41,39,3
3525,41,40,3
3526,41,41,3
3527,41,42,3
3528,41,43,3
3529,41,44,3
3530,41,45,3
3531,41,46,3
3532,41,47,3
3533,41,48,3
3534,41,49,3
3535,41,50,1
3536,41,51,1
3537,41,52,1
3538,41,53,1
3539,41,54,1
3540,41,55,1
3541,41,56,1
3542,41,57,1
3543,41,58,1
3544,41,59,1
3545,41,60,1
3546,41,61,1
3547,41,62,1
3548,41,63,1
3549,41,64,3
3550,41,65,3
3551,41,66,3
3552,41,67,3
3553,41,68,3
3554,41,69,4
3555,41,70,1
3556,41,71,1
3557,41,72,1
3558,41,73,2
3559,41,74,2
3560,41,75,2
3561,41,76,2
3562,41,77,2
3563,41,78,2
3564,41,79,2
3565,41,80,2
3566,41,81,2
3567,41,82,2
3568,41,83,2
3569,41,84,2
3570,42,0,2
3571,42,1,2
3572,42,2,2
3573,42,3,2
3574,42,4,2
3575,42,5,2
3576,42,6,2
3577,42,7,2
3578,42,8,2
3579,42,9,2
3580,42,10,2
3581,42,11,2
3582,42,12,2
3583,42,13,2
3584,42,14,1
3585,42,15,1
3586,42,16,1
3587,42,17,1
3588,42,18,1
3589,42,19,1
3590,42,20,4
3591,42,21,3
3592,42,22,3
3593,42,23,3
3594,42,24,3
3595,42,25,3
3596,42,26,3
3597,42,27,3
3598,42,28,3
3599,42,29,3
3600,42,30,3
3601,42,31,3
3602,42,32,3
3603,42,33,3
3604,42,34,3
3605,42,35,3
3606,42,36,3
3607,42,37,3
3608,42,38,3
3609,42,39,3
3610,42,40,3
3611,42,41,3
3612,42,42,3
3613,42,43,3
3614,42,44,3
3615,42,45,3
3616,42,46,3
3617,42,47,3
3618,42,48,3
3619,42,49,3
3620,42,50,3
3621,42,51,1
3622,42,52,1
3623,42,53,1
3624,42,54,1
3625,42,55,3
3626,42,56,1
3627,42,57,1
3628,42,58,1
3629,42,59,1
3630,42,60,1
3631,42,61,1
3632,42,62,1
3633,42,63,4
3634,42,64,3
3635,42,65,3
3636,42,66,3
3637,42,67,3
3638,42,68,3
3639,42,69,4
3640,42,70,1
3641,42,71,1
3642,42,72,4
3643,42,73,2
3644,42,74,2
3645,42,75,2
3646,42,76,2
3647,42,77,2
3648,42,78,2
3649,42,79,2
3650,42,80,2
3651,42,81,2
3652,42,82,2
3653,42,83,2
3654,42,84,2
3655,43,0,2
3656,43,1,2
3657,43,2,2
3658,43,3,2
3659,43,4,2
3660,43,5,2
3661,43,6,2
3662,43,7,2
3663,43,8,2
3664,43,9,2
3665,43,10,2
3666,43,11,2
3667,43,12,2
3668,43,13,2
3669,43,14,1
3670,43,15,1
3671,43,16,1
3672,43,17,1
3673,43,18,1
3674,43,19,1
3675,43,20,1
3676,43,21,3
3677,43,22,3
3678,43,23,3
3679,43,24,3
3680,43,25,3
3681,43,26,3
3682,43,27,3
3683,43,28,3
3684,43,29,3
3685,43,30,3
3686,43,31,3
3687,43,32,3
3688,43,33,3
3689,43,34,3
3690,43,35,3
3691,43,36,3
3692,43,37,3
3693,43,38,3
3694,43,39,3
3695,43,40,3
3696,43,41,3
3697,43,42,3
3698,43,43,3
3699,43,44,3
3700,43,45,3
3701,43,46,3
3702,43,47,3
3703,43,48,3
3704,43,49,3
3705,43,50,1
3706,43,51,1
3707,43,52,1
3708,43,53,1
3709,43,54,1
3710,43,55,4
3711,43,56,1
3712,43,57,1
3713,43,58,1
3714,43,59,1
3715,43,60,1
3716,43,61,1
3717,43,62,1
3718,43,63,3
3719,43,64,3
3720,43,65,3
3721,43,66,3
3722,43,67,3
3723,43,68,3
3724,43,69,4
3725,43,70,1
3726,43,71,1
3727,43,72,1
3728,43,73,2
3729,43,74,2
3730,43,75,2
3731,43,76,2
3732,43,77,2
3733,43,78,2
3734,43,79,2
3735,43,80,2
3736,43,81,2
3737,43,82,2
3738,43,83,2
3739,43,84,2
3740,44,0,2
3741,44,1,2
3742,44,2,2
3743,44,3,2
3744,44,4,2
3745,44,5,2
3746,44,6,2
3747,44,7,2
3748,44,8,2
3749,44,9,2
3750,44,10,2
3751,44,11,2
3752,44,12,2
3753,44,13,2
3754,44,14,1
3755,44,15,1
3756,44,16,1
3757,44,17,1
3758,44,18,1
3759,44,19,1
3760,44,20,3
3761,44,21,3
3762,44,22,3
3763,44,23,3
3764,44,24,3
3765,44,25,3
3766,44,26,3
3767,44,27,3
3768,44,28,3
3769,44,29,3
3770,44,30,3
3771,44,31,1
3772,44,32,1
3773,44,33,1
3774,44,34,3
3775,44,35,3
3776,44,36,3
3777,44,37,3
3778,44,38,3
3779,44,39,3
3780,44,40,3
3781,44,41,3
3782,44,42,3
3783,44,43,3
3784,44,44,3
3785,44,45,3
3786,44,46,3
3787,44,47,3
3788,44,48,3
3789,44,49,3
3790,44,50,1
3791,44,51,1
3792,44,52,1
3793,44,53,1
3794,44,54,1
3795,44,55,3
3796,44,56,1
3797,44,57,1
3798,44,58,1
3799,44,59,1
3800,44,60,1
3801,44,61,1
3802,44,62,4
3803,44,63,3
3804,44,64,3
3805,44,65,3
3806,44,66,3
3807,44,67,1
3808,44,68,3
3809,44,69,1
3810,44,70,1
3811,44,71,1
3812,44,72,1
3813,44,73,2
3814,44,74,2
3815,44,75,2
3816,44,76,2
3817,44,77,2
3818,44,78,2
3819,44,79,2
3820,44,80,2
3821,44,81,2
3822,44,82,2
3823,44,83,2
3824,44,84,2
3825,45,0,2
3826,45,1,2
3827,45,2,2
3828,45,3,2
3829,45,4,2
3830,45,5,2
3831,45,6,2
3832,45,7,2
3833,45,8,2
3834,45,9,2
3835,45,10,2
3836,45,11,2
3837,45,12,2
3838,45,13,2
3839,45,14,1
3840,45,15,1
3841,45,16,1
3842,45,17,1
3843,45,18,1
3844,45,19,1
3845,45,20,3
3846,45,21,3
3847,45,22,3
3848,45,23,3
3849,45,24,3
3850,45,25,3
3851,45,26,3
3852,45,27,3
3853,45,28,3
3854,45,29,1
3855,45,30,1
3856,45,31,1
3857,45,32,1
3858,45,33,1
3859,45,34,3
3860,45,35,3
3861,45,36,3
3862,45,37,3
3863,45,38,3
3864,45,39,3
3865,45,40,3
3866,45,41,3
3867,45,42,3
3868,45,43,3
3869,45,44,3
3870,45,45,3
3871,45,46,3
3872,45,47,3
3873,45,48,3
3874,45,49,3
3875,45,50,1
3876,45,51,3
3877,45,52,1
3878,45,53,1
3879,45,54,3
3880,45,55,3
3881,45,56,4
3882,45,57,1
3883,45,58,1
3884,45,59,1
3885,45,60,1
3886,45,61,3
3887,45,62,3
3888,45,63,3
3889,45,64,3
3890,45,65,3
3891,45,66,3
3892,45,67,4
3893,45,68,3
3894,45,69,1
3895,45,70,1
3896,45,71,1
3897,45,72,1
3898,45,73,2
3899,45,74,2
3900,45,75,2
3901,45,76,2
3902,45,77,2
3903,45,78,2
3904,45,79,2
3905,45,80,2
3906,45,81,2
3907,45,82,2
3908,45,83,2
3909,45,84,2
3910,46,0,2
3911,46,1,2
3912,46,2,2
3913,46,3,2
3914,46,4,2
3915,46,5,2
3916,46,6,2
3917,46,7,2
3918,46,8,2
3919,46,9,2
3920,46,10,2
3921,46,11,2
3922,46,12,2
3923,46,13,2
3924,46,14,2
3925,46,15,1
3926,46,16,1
3927,46,17,1
3928,46,18,1
3929,46,19,1
3930,46,20,3
3931,46,21,3
3932,46,22,3
3933,46,23,3
3934,46,24,3
3935,46,25,3
3936,46,26,3
3937,46,27,3
3938,46,28,3
3939,46,29,1
3940,46,30,1
3941,46,31,1
3942,46,32,1
3943,46,33,1
3944,46,34,1
3945,46,35,1
3946,46,36,3
3947,46,37,3
3948,46,38,3
3949,46,39,3
3950,46,40,3
3951,46,41,3
3952,46,42,3
3953,46,43,3
3954,46,44,3
3955,46,45,3
3956,46,46,3
3957,46,47,3
3958,46,48,1
3959,46,49,3
3960,46,50,1
3961,46,51,1
3962,46,52,3
3963,46,53,3
3964,46,54,3
3965,46,55,3
3966,46,56,3
3967,46,57,1
3968,46,58,4
3969,46,59,3
3970,46,60,3
3971,46,61,3
3972,46,62,3
3973,46,63,3
3974,46,64,3
3975,46,65,3
3976,46,66,3
3977,46,67,3
3978,46,68,3
3979,46,69,1
3980,46,70,1
3981,46,71,1
3982,46,72,1
3983,46,73,2
3984,46,74,2
3985,46,75,2
3986,46,76,2
3987,46,77,2
3988,46,78,2
3989,46,79,2
3990,46,80,2
3991,46,81,2
3992,46,82,2
3993,46,83,2
3994,46,84,2
3995,47,0,2
3996,47,1,2
3997,47,2,2
3998,47,3,2
3999,47,4,2
4000,47,5,2
4001,47,6,2
4002,47,7,2
4003,47,8,2
4004,47,9,2
4005,47,10,2
4006,47,11,2
4007,47,12,2
4008,47,13,2
4009,47,14,2
4010,47,15,1
4011,47,16,1
4012,47,17,1
4013,47,18,1
4014,47,19,1
4015,47,20,3
4016,47,21,3
4017,47,22,3
4018,47,23,3
4019,47,24,3
4020,47,25,3
4021,47,26,3
4022,47,27,3
4023,47,28,3
4024,47,29,1
4025,47,30,1
4026,47,31,1
4027,47,32,1
4028,47,33,1
4029,47,34,1
4030,47,35,1
4031,47,36,3
4032,47,37,3
4033,47,38,3
4034,47,39,3
4035,47,40,3
4036,47,41,3
4037,47,42,3
4038,47,43,3
4039,47,44,3
4040,47,45,3
4041,47,46,3
4042,47,47,3
4043,47,48,3
4044,47,49,1
4045,47,50,3
4046,47,51,1
4047,47,52,1
4048,47,53,3
4049,47,54,3
4050,47,55,3
4051,47,56,3
4052,47,57,3
4053,47,58,3
4054,47,59,3
4055,47,60,3
4056,47,61,3
4057,47,62,3
4058,47,63,3
4059,47,64,3
4060,47,65,3
4061,47,66,3
4062,47,67,3
4063,47,68,4
4064,47,69,1
4065,47,70,1
4066,47,71,1
4067,47,72,1
4068,47,73,2
4069,47,74,2
4070,47,75,2
4071,47,76,2
4072,47,77,2
4073,47,78,2
4074,47,79,2
4075,47,80,2
4076,47,81,2
4077,47,82,2
4078,47,83,2
4079,47,84,2
4080,48,0,2
4081,48,1,2
4082,48,2,2
4083,48,3,2
4084,48,4,2
4085,48,5,2
4086,48,6,2
4087,48,7,2
4088,48,8,2
4089,48,9,2
4090,48,10,2
4091,48,11,2
4092,48,12,2
4093,48,13,2
4094,48,14,2
4095,48,15,3
4096,48,16,1
4097,48,17,1
4098,48,18,3
4099,48,19,1
4100,48,20,1
4101,48,21,3
4102,48,22,3
4103,48,23,3
4104,48,24,3
4105,48,25,3
4106,48,26,3
4107,48,27,3
4108,48,28,3
4109,48,29,1
4110,48,30,1
4111,48,31,3
4112,48,32,3
4113,48,33,3
4114,48,34,1
4115,48,35,1
4116,48,36,3
4117,48,37,3
4118,48,38,3
4119,48,39,3
4120,48,40,3
4121,48,41,3
4122,48,42,3
4123,48,43,3
4124,48,44,3
4125,48,45,3
4126,48,46,3
4127,48,47,3
4128,48,48,3
4129,48,49,3
4130,48,50,1
4131,48,51,1
4132,48,52,3
4133,48,53,4
4134,48,54,3
4135,48,55,3
4136,48,56,3
4137,48,57,3
4138,48,58,3
4139,48,59,3
4140,48,60,3
4141,48,61,3
4142,48,62,3
4143,48,63,3
4144,48,64,3
4145,48,65,3
4146,48,66,3
4147,48,67,3
4148,48,68,1
4149,48,69,4
4150,48,70,1
4151,48,71,1
4152,48,72,2
4153,48,73,2
4154,48,74,2
4155,48,75,2
4156,48,76,2
4157,48,77,2
4158,48,78,2
4159,48,79,2
4160,48,80,2
4161,48,81,2
4162,48,82,2
4163,48,83,2
4164,48,84,2
4165,49,0,2
4166,49,1,2
4167,49,2,2
4168,49,3,2
4169,49,4,2
4170,49,5,2
4171,49,6,2
4172,49,7,2
4173,49,8,2
4174,49,9,2
4175,49,10,2
4176,49,11,2
4177,49,12,2
4178,49,13,2
4179,49,14,2
4180,49,15,1
4181,49,16,1
4182,49,17,1
4183,49,18,3
4184,49,19,1
4185,49,20,1
4186,49,21,3
4187,49,22,3
4188,49,23,3
4189,49,24,3
4190,49,25,3
4191,49,26,3
4192,49,27,3
4193,49,28,3
4194,49,29,1
4195,49,30,1
4196,49,31,1
4197,49,32,1
4198,49,33,3
4199,49,34,3
4200,49,35,3
4201,49,36,3
4202,49,37,3
4203,49,38,3
4204,49,39,3
4205,49,40,1
4206,49,41,1
4207,49,42,1
4208,49,43,1
4209,49,44,3
4210,49,45,3
4211,49,46,3
4212,49,47,3
4213,49,48,3
4214,49,49,3
4215,49,50,3
4216,49,51,1
4217,49,52,1
4218,49,53,3
4219,49,54,3
4220,49,55,3
4221,49,56,3
4222,49,57,3
4223,49,58,3
4224,49,59,3
4225,49,60,3
4226,49,61,3
4227,49,62,3
4228,49,63,3
4229,49,64,3
4230,49,65,3
4231,49,66,3
4232,49,67,4
4233,49,68,1
4234,49,69,3
4235,49,70,1
4236,49,71,1
4237,49,72,2
4238,49,73,2
4239,49,74,2
4240,49,75,2
4241,49,76,2
4242,49,77,2
4243,49,78,2
4244,49,79,2
4245,49,80,2
4246,49,81,2
4247,49,82,2
4248,49,83,2
4249,49,84,2
4250,50,0,2
4251,50,1,2
4252,50,2,2
4253,50,3,2
4254,50,4,2
4255,50,5,2
4256,50,6,2
4257,50,7,2
4258,50,8,2
4259,50,9,2
4260,50,10,2
4261,50,11,2
4262,50,12,2
4263,50,13,2
4264,50,14,2
4265,50,15,1
4266,50,16,1
4267,50,17,1
4268,50,18,3
4269,50,19,1
4270,50,20,1
4271,50,21,3
4272,50,22,3
4273,50,23,3
4274,50,24,3
4275,50,25,3
4276,50,26,3
4277,50,27,3
4278,50,28,3
4279,50,29,1
4280,50,30,3
4281,50,31,1
4282,50,32,1
4283,50,33,4
4284,50,34,4
4285,50,35,3
4286,50,36,3
4287,50,37,3
4288,50,38,3
4289,50,39,3
4290,50,40,1
4291,50,41,1
4292,50,42,1
4293,50,43,1
4294,50,44,3
4295,50,45,3
4296,50,46,3
4297,50,47,3
4298,50,48,3
4299,50,49,3
4300,50,50,3
4301,50,51,3
4302,50,52,3
4303,50,53,3
4304,50,54,3
4305,50,55,3
4306,50,56,3
4307,50,57,3
4308,50,58,3
4309,50,59,3
4310,50,60,3
4311,50,61,3
4312,50,62,3
4313,50,63,3
4314,50,64,3
4315,50,65,3
4316,50,66,3
4317,50,67,1
4318,50,68,1
4319,50,69,1
4320,50,70,1
4321,50,71,1
4322,50,72,2
4323,50,73,2
4324,50,74,2
4325,50,75,2
4326,50,76,2
4327,50,77,2
4328,50,78,2
4329,50,79,2
4330,50,80,2
4331,50,81,2
4332,50,82,2
4333,50,83,2
4334,50,84,2
4335,51,0,2
4336,51,1,2
4337,51,2,2
4338,51,3,2
4339,51,4,2
4340,51,5,2
4341,51,6,2
4342,51,7,2
4343,51,8,2
4344,51,9,2
4345,51,10,2
4346,51,11,2
4347,51,12,2
4348,51,13,2
4349,51,14,2
4350,51,15,1
4351,51,16,1
4352,51,17,1
4353,51,18,1
4354,51,19,1
4355,51,20,1
4356,51,21,4
4357,51,22,3
4358,51,23,3
4359,51,24,3
4360,51,25,3
4361,51,26,3
4362,51,27,1
4363,51,28,1
4364,51,29,3
4365,51,30,3
4366,51,31,1
4367,51,32,1
4368,51,33,3
4369,51,34,1
4370,51,35,4
4371,51,36,3
4372,51,37,3
4373,51,38,1
4374,51,39,1
4375,51,40,3
4376,51,41,1
4377,51,42,1
4378,51,43,1
4379,51,44,3
4380,51,45,3
4381,51,46,1
4382,51,47,3
4383,51,48,3
4384,51,49,3
4385,51,50,3
4386,51,51,3
4387,51,52,3
4388,51,53,3
4389,51,54,3
4390,51,55,3
4391,51,56,3
4392,51,57,3
4393,51,58,3
4394,51,59,3
4395,51,60,3
4396,51,61,3
4397,51,62,3
4398,51,63,3
4399,51,64,3
4400,51,65,3
4401,51,66,1
4402,51,67,1
4403,51,68,1
4404,51,69,1
4405,51,70,1
4406,51,71,1
4407,51,72,2
4408,51,73,2
4409,51,74,2
4410,51,75,2
4411,51,76,2
4412,51,77,2
4413,51,78,2
4414,51,79,2
4415,51,80,2
4416,51,81,2
4417,51,82,2
4418,51,83,2
4419,51,84,2
4420,52,0,2
4421,52,1,2
4422,52,2,2
4423,52,3,2
4424,52,4,2
4425,52,5,2
4426,52,6,2
4427,52,7,2
4428,52,8,2
4429,52,9,2
4430,52,10,2
4431,52,11,2
4432,52,12,2
4433,52,13,2
4434,52,14,2
4435,52,15,1
4436,52,16,3
4437,52,17,1
4438,52,18,1
4439,52,19,3
4440,52,20,1
4441,52,21,1
4442,52,22,3
4443,52,23,3
4444,52,24,3
4445,52,25,3
4446,52,26,3
4447,52,27,3
4448,52,28,3
4449,52,29,3
4450,52,30,3
4451,52,31,1
4452,52,32,1
4453,52,33,1
4454,52,34,3
4455,52,35,3
4456,52,36,3
4457,52,37,3
4458,52,38,1
4459,52,39,1
4460,52,40,3
4461,52,41,3
4462,52,42,1
4463,52,43,3
4464,52,44,1
4465,52,45,3
4466,52,46,1
4467,52,47,3
4468,52,48,1
4469,52,49,3
4470,52,50,3
4471,52,51,3
4472,52,52,3
4473,52,53,3
4474,52,54,3
4475,52,55,3
4476,52,56,3
4477,52,57,3
4478,52,58,3
4479,52,59,3
4480,52,60,3
4481,52,61,3
4482,52,62,3
4483,52,63,3
4484,52,64,3
4485,52,65,3
4486,52,66,1
4487,52,67,1
4488,52,68,1
4489,52,69,1
4490,52,70,1
4491,52,71,3
4492,52,72,2
4493,52,73,2
4494,52,74,2
4495,52,75,2
4496,52,76,2
4497,52,77,2
4498,52,78,2
4499,52,79,2
4500,52,80,2
4501,52,81,2
4502,52,82,2
4503,52,83,2
4504,52,84,2
4505,53,0,2
4506,53,1,2
4507,53,2,2
4508,53,3,2
4509,53,4,2
4510,53,5,2
4511,53,6,2
4512,53,7,2
4513,53,8,2
4514,53,9,2
4515,53,10,2
4516,53,11,2
4517,53,12,2
4518,53,13,2
4519,53,14,2
4520,53,15,2
4521,53,16,1
4522,53,17,1
4523,53,18,1
4524,53,19,1
4525,53,20,1
4526,53,21,1
4527,53,22,4
4528,53,23,3
4529,53,24,3
4530,53,25,3
4531,53,26,3
4532,53,27,3
4533,53,28,3
4534,53,29,3
4535,53,30,3
4536,53,31,1
4537,53,32,1
4538,53,33,3
4539,53,34,3
4540,53,35,3
4541,53,36,3
4542,53,37,3
4543,53,38,3
4544,53,39,3
4545,53,40,3
4546,53,41,1
4547,53,42,1
4548,53,43,1
4549,53,44,4
4550,53,45,3
4551,53,46,3
4552,53,47,3
4553,53,48,3
4554,53,49,3
4555,53,50,3
4556,53,51,3
4557,53,52,3
4558,53,53,3
4559,53,54,3
4560,53,55,3
4561,53,56,3
4562,53,57,3
4563,53,58,3
4564,53,59,3
4565,53,60,3
4566,53,61,3
4567,53,62,3
4568,53,63,3
4569,53,64,3
4570,53,65,1
4571,53,66,1
4572,53,67,1
4573,53,68,1
4574,53,69,1
4575,53,70,1
4576,53,71,1
4577,53,72,2
4578,53,73,2
4579,53,74,2
4580,53,75,2
4581,53,76,2
4582,53,77,2
4583,53,78,2
4584,53,79,2
4585,53,80,2
4586,53,81,2
4587,53,82,2
4588,53,83,2
4589,53,84,2
4590,54,0,2
4591,54,1,2
4592,54,2,2
4593,54,3,2
4594,54,4,2
4595,54,5,2
4596,54,6,2
4597,54,7,2
4598,54,8,2
4599,54,9,2
4600,54,10,2
4601,54,11,2
4602,54,12,2
4603,54,13,2
4604,54,14,2
4605,54,15,2
4606,54,16,2
4607,54,17,3
4608,54,18,1
4609,54,19,1
4610,54,20,3
4611,54,21,1
4612,54,22,1
4613,54,23,3
4614,54,24,3
4615,54,25,3
4616,54,26,3
4617,54,27,3
4618,54,28,3
4619,54,29,3
4620,54,30,3
4621,54,31,3
4622,54,32,4
4623,54,33,3
4624,54,34,3
4625,54,35,3
4626,54,36,3
4627,54,37,3
4628,54,38,3
4629,54,39,3
4630,54,40,3
4631,54,41,1
4632,54,42,1
4633,54,43,1
4634,54,44,3
4635,54,45,3
4636,54,46,3
4637,54,47,3
4638,54,48,3
4639,54,49,3
4640,54,50,3
4641,54,51,4
4642,54,52,1
4643,54,53,3
4644,54,54,3
4645,54,55,3
4646,54,56,3
4647,54,57,3
4648,54,58,3
4649,54,59,3
4650,54,60,3
4651,54,61,3
4652,54,62,3
4653,54,63,3
4654,54,64,3
4655,54,65,1
4656,54,66,1
4657,54,67,1
4658,54,68,1
4659,54,69,1
4660,54,70,3
4661,54,71,2
4662,54,72,2
4663,54,73,2
4664,54,74,2
4665,54,75,2
4666,54,76,2
4667,54,77,2
4668,54,78,2
4669,54,79,2
4670,54,80,2
4671,54,81,2
4672,54,82,2
4673,54,83,2
4674,54,84,2
4675,55,0,2
4676,55,1,2
4677,55,2,2
4678,55,3,2
4679,55,4,2
4680,55,5,2
4681,55,6,2
4682,55,7,2
4683,55,8,2
4684,55,9,2
4685,55,10,2
4686,55,11,2
4687,55,12,2
4688,55,13,2
4689,55,14,2
4690,55,15,1
4691,55,16,2
4692,55,17,1
4693,55,18,1
4694,55,19,1
4695,55,20,1
4696,55,21,1
4697,55,22,1
4698,55,23,3
4699,55,24,3
4700,55,25,3
4701,55,26,3
4702,55,27,3
4703,55,28,3
4704,55,29,3
4705,55,30,3
4706,55,31,3
4707,55,32,3
4708,55,33,3
4709,55,34,3
4710,55,35,3
4711,55,36,3
4712,55,37,3
4713,55,38,3
4714,55,39,3
4715,55,40,3
4716,55,41,3
4717,55,42,1
4718,55,43,3
4719,55,44,3
4720,55,45,3
4721,55,46,3
4722,55,47,3
4723,55,48,3
4724,55,49,3
4725,55,50,3
4726,55,51,1
4727,55,52,1
4728,55,53,3
4729,55,54,3
4730,55,55,3
4731,55,56,3
4732,55,57,3
4733,55,58,3
4734,55,59,3
4735,55,60,3
4736,55,61,3
4737,55,62,3
4738,55,63,3
4739,55,64,1
4740,55,65,1
4741,55,66,1
4742,55,67,1
4743,55,68,1
4744,55,69,1
4745,55,70,1
4746,55,71,2
4747,55,72,2
4748,55,73,2
4749,55,74,2
4750,55,75,2
4751,55,76,2
4752,55,77,2
4753,55,78,2
4754,55,79,2
4755,55,80,2
4756,55,81,2
4757,55,82,2
4758,55,83,2
4759,55,84,2
4760,56,0,2
4761,56,1,2
4762,56,2,2
4763,56,3,2
4764,56,4,2
4765,56,5,2
4766,56,6,2
4767,56,7,2
4768,56,8,2
4769,56,9,2
4770,56,10,2
4771,56,11,2
4772,56,12,2
4773,56,13,2
4774,56,14,2
4775,56,15,2
4776,56,16,2
4777,56,17,2
4778,56,18,3
4779,56,19,1
4780,56,20,1
4781,56,21,3
4782,56,22,1
4783,56,23,4
4784,56,24,3
4785,56,25,3
4786,56,26,3
4787,56,27,3
4788,56,28,3
4789,56,29,3
4790,56,30,3
4791,56,31,3
4792,56,32,3
4793,56,33,3
4794,56,34,3
4795,56,35,3
4796,56,36,3
4797,56,37,3
4798,56,38,3
4799,56,39,3
4800,56,40,3
4801,56,41,3
4802,56,42,3
4803,56,43,3
4804,56,44,3
4805,56,45,3
4806,56,46,3
4807,56,47,3
4808,56,48,3
4809,56,49,3
4810,56,50,3
4811,56,51,3
4812,56,52,3
4813,56,53,3
4814,56,54,3
4815,56,55,3
4816,56,56,3
4817,56,57,3
4818,56,58,3
4819,56,59,3
4820,56,60,3
4821,56,61,4
4822,56,62,1
4823,56,63,1
4824,56,64,1
4825,56,65,4
4826,56,66,1
4827,56,67,1
4828,56,68,1
4829,56,69,3
4830,56,70,2
4831,56,71,2
4832,56,72,2
4833,56,73,2
4834,56,74,2
4835,56,75,2
4836,56,76,2
4837,56,77,2
4838,56,78,2
4839,56,79,2
4840,56,80,2
4841,56,81,2
4842,56,82,2
4843,56,83,2
4844,56,84,2
4845,57,0,2
4846,57,1,2
4847,57,2,2
4848,57,3,2
4849,57,4,2
4850,57,5,2
4851,57,6,2
4852,57,7,2
4853,57,8,2
4854,57,9,2
4855,57,10,2
4856,57,11,2
4857,57,12,2
4858,57,13,2
4859,57,14,2
4860,57,15,2
4861,57,16,1
4862,57,17,2
4863,57,18,1
4864,57,19,1
4865,57,20,1
4866,57,21,1
4867,57,22,1
4868,57,23,1
4869,57,24,4
4870,57,25,3
4871,57,26,3
4872,57,27,3
4873,57,28,3
4874,57,29,3
4875,57,30,3
4876,57,31,3
4877,57,32,3
4878,57,33,3
4879,57,34,3
4880,57,35,3
4881,57,36,3
4882,57,37,3
4883,57,38,3
4884,57,39,3
4885,57,40,3
4886,57,41,3
4887,57,42,3
4888,57,43,3
4889,57,44,3
4890,57,45,3
4891,57,46,3
4892,57,47,3
4893,57,48,3
4894,57,49,3
4895,57,50,3
4896,57,51,3
4897,57,52,3
4898,57,53,3
4899,57,54,3
4900,57,55,3
4901,57,56,3
4902,57,57,3
4903,57,58,3
4904,57,59,1
4905,57,60,4
4906,57,61,3
4907,57,62,1
4908,57,63,1
4909,57,64,1
4910,57,65,1
4911,57,66,1
4912,57,67,1
4913,57,68,1
4914,57,69,1
4915,57,70,2
4916,57,71,2
4917,57,72,2
4918,57,73,2
4919,57,74,2
4920,57,75,2
4921,57,76,2
4922,57,77,2
4923,57,78,2
4924,57,79,2
4925,57,80,2
4926,57,81,2
4927,57,82,2
4928,57,83,2
4929,57,84,2
4930,58,0,2
4931,58,1,2
4932,58,2,2
4933,58,3,2
4934,58,4,2
4935,58,5,2
4936,58,6,2
4937,58,7,2
4938,58,8,2
4939,58,9,2
4940,58,10,2
4941,58,11,2
4942,58,12,2
4943,58,13,2
4944,58,14,2
4945,58,15,2
4946,58,16,2
4947,58,17,2
4948,58,18,1
4949,58,19,1
4950,58,20,1
4951,58,21,1
4952,58,22,1
4953,58,23,1
4954,58,24,1
4955,58,25,4
4956,58,26,3
4957,58,27,3
4958,58,28,3
4959,58,29,3
4960,58,30,3
4961,58,31,3
4962,58,32,3
4963,58,33,3
4964,58,34,3
4965,58,35,3
4966,58,36,3
4967,58,37,3
4968,58,38,1
4969,58,39,3
4970,58,40,3
4971,58,41,4
4972,58,42,1
4973,58,43,3
4974,58,44,3
4975,58,45,1
4976,58,46,3
4977,58,47,3
4978,58,48,3
4979,58,49,3
4980,58,50,3
4981,58,51,1
4982,58,52,3
4983,58,53,3
4984,58,54,3
4985,58,55,3
4986,58,56,3
4987,58,57,3
4988,58,58,3
4989,58,59,3
4990,58,60,1
4991,58,61,4
4992,58,62,4
4993,58,63,1
4994,58,64,3
4995,58,65,1
4996,58,66,1
4997,58,67,1
4998,58,68,4
4999,58,69,2
5000,58,70,2
5001,58,71,2
5002,58,72,2
5003,58,73,2
5004,58,74,2
5005,58,75,2
5006,58,76,2
5007,58,77,2
5008,58,78,2
5009,58,79,2
5010,58,80,2
5011,58,81,2
5012,58,82,2
5013,58,83,2
5014,58,84,2
5015,59,0,2
5016,59,1,2
5017,59,2,2
5018,59,3,2
5019,59,4,2
5020,59,5,2
5021,59,6,2
5022,59,7,2
5023,59,8,2
5024,59,9,2
5025,59,10,2
5026,59,11,2
5027,59,12,2
5028,59,13,2
5029,59,14,2
5030,59,15,2
5031,59,16,2
5032,59,17,2
5033,59,18,2
5034,59,19,3
5035,59,20,1
5036,59,21,1
5037,59,22,1
5038,59,23,1
5039,59,24,1
5040,59,25,1
5041,59,26,3
5042,59,27,3
5043,59,28,3
5044,59,29,3
5045,59,30,3
5046,59,31,3
5047,59,32,3
5048,59,33,3
5049,59,34,3
5050,59,35,3
5051,59,36,3
5052,59,37,3
5053,59,38,3
5054,59,39,3
5055,59,40,3
5056,59,41,3
5057,59,42,3
5058,59,43,3
5059,59,44,3
5060,59,45,1
5061,59,46,3
5062,59,47,3
5063,59,48,3
5064,59,49,3
5065,59,50,3
5066,59,51,3
5067,59,52,3
5068,59,53,3
5069,59,54,3
5070,59,55,3
5071,59,56,3
5072,59,57,3
5073,59,58,3
5074,59,59,3
5075,59,60,3
5076,59,61,1
5077,59,62,1
5078,59,63,1
5079,59,64,1
5080,59,65,1
5081,59,66,1
5082,59,67,3
5083,59,68,1
5084,59,69,2
5085,59,70,2
5086,59,71,2
5087,59,72,2
5088,59,73,2
5089,59,74,2
5090,59,75,2
5091,59,76,2
5092,59,77,2
5093,59,78,2
5094,59,79,2
5095,59,80,2
5096,59,81,2
5097,59,82,2
5098,59,83,2
5099,59,84,2
5100,60,0,2
5101,60,1,2
5102,60,2,2
5103,60,3,2
5104,60,4,2
5105,60,5,2
5106,60,6,2
5107,60,7,2
5108,60,8,2
5109,60,9,2
5110,60,10,2
5111,60,11,2
5112,60,12,2
5113,60,13,2
5114,60,14,2
5115,60,15,2
5116,60,16,2
5117,60,17,2
5118,60,18,2
5119,60,19,1
5120,60,20,1
5121,60,21,1
5122,60,22,1
5123,60,23,1
5124,60,24,1
5125,60,25,1
5126,60,26,4
5127,60,27,3
5128,60,28,3
5129,60,29,3
5130,60,30,3
5131,60,31,3
5132,60,32,3
5133,60,33,3
5134,60,34,3
5135,60,35,3
5136,60,36,3
5137,60,37,3
5138,60,38,3
5139,60,39,3
5140,60,40,3
5141,60,41,3
5142,60,42,3
5143,60,43,3
5144,60,44,3
5145,60,45,3
5146,60,46,3
5147,60,47,3
5148,60,48,3
5149,60,49,3
5150,60,50,3
5151,60,51,3
5152,60,52,3
5153,60,53,3
5154,60,54,3
5155,60,55,3
5156,60,56,3
5157,60,57,3
5158,60,58,3
5159,60,59,3
5160,60,60,1
5161,60,61,3
5162,60,62,1
5163,60,63,1
5164,60,64,1
5165,60,65,1
5166,60,66,1
5167,60,67,1
5168,60,68,2
5169,60,69,2
5170,60,70,2
5171,60,71,2
5172,60,72,2
5173,60,73,2
5174,60,74,2
5175,60,75,2
5176,60,76,2
5177,60,77,2
5178,60,78,2
5179,60,79,2
5180,60,80,2
5181,60,81,2
5182,60,82,2
5183,60,83,2
5184,60,84,2
5185,61,0,2
5186,61,1,2
5187,61,2,2
5188,61,3,2
5189,61,4,2
5190,61,5,2
5191,61,6,2
5192,61,7,2
5193,61,8,2
5194,61,9,2
5195,61,10,2
5196,61,11,2
5197,61,12,2
5198,61,13,2
5199,61,14,2
5200,61,15,2
5201,61,16,2
5202,61,17,2
5203,61,18,2
5204,61,19,2
5205,61,20,4
5206,61,21,1
5207,61,22,1
5208,61,23,1
5209,61,24,2
5210,61,25,1
5211,61,26,1
5212,61,27,3
5213,61,28,3
5214,61,29,3
5215,61,30,3
5216,61,31,3
5217,61,32,3
5218,61,33,3
5219,61,34,3
5220,61,35,3
5221,61,36,3
5222,61,37,3
5223,61,38,3
5224,61,39,3
5225,61,40,3
5226,61,41,3
5227,61,42,3
5228,61,43,3
5229,61,44,3
5230,61,45,3
5231,61,46,3
5232,61,47,3
5233,61,48,3
5234,61,49,3
5235,61,50,3
5236,61,51,3
5237,61,52,3
5238,61,53,3
5239,61,54,3
5240,61,55,3
5241,61,56,3
5242,61,57,3
5243,61,58,3
5244,61,59,1
5245,61,60,1
5246,61,61,1
5247,61,62,1
5248,61,63,1
5249,61,64,1
5250,61,65,1
5251,61,66,1
5252,61,67,2
5253,61,68,2
5254,61,69,2
5255,61,70,2
5256,61,71,2
5257,61,72,2
5258,61,73,2
5259,61,74,2
5260,61,75,2
5261,61,76,2
5262,61,77,2
5263,61,78,2
5264,61,79,2
5265,61,80,2
5266,61,81,2
5267,61,82,2
5268,61,83,2
5269,61,84,2
5270,62,0,2
5271,62,1,2
5272,62,2,2
5273,62,3,2
5274,62,4,2
5275,62,5,2
5276,62,6,2
5277,62,7,2
5278,62,8,2
5279,62,9,2
5280,62,10,2
5281,62,11,2
5282,62,12,2
5283,62,13,2
5284,62,14,2
5285,62,15,2
5286,62,16,2
5287,62,17,2
5288,62,18,2
5289,62,19,2
5290,62,20,1
5291,62,21,1
5292,62,22,1
5293,62,23,1
5294,62,24,1
5295,62,25,2
5296,62,26,1
5297,62,27,1
5298,62,28,3
5299,62,29,3
5300,62,30,3
5301,62,31,3
5302,62,32,3
5303,62,33,3
5304,62,34,3
5305,62,35,3
5306,62,36,3
5307,62,37,3
5308,62,38,3
5309,62,39,3
5310,62,40,3
5311,62,41,3
5312,62,42,3
5313,62,43,3
5314,62,44,3
5315,62,45,3
5316,62,46,3
5317,62,47,3
5318,62,48,3
5319,62,49,3
5320,62,50,3
5321,62,51,3
5322,62,52,3
5323,62,53,3
5324,62,54,3
5325,62,55,3
5326,62,56,3
5327,62,57,3
5328,62,58,1
5329,62,59,1
5330,62,60,1
5331,62,61,1
5332,62,62,1
5333,62,63,1
5334,62,64,1
5335,62,65,3
5336,62,66,1
5337,62,67,2
5338,62,68,2
5339,62,69,2
5340,62,70,2
5341,62,71,2
5342,62,72,2
5343,62,73,2
5344,62,74,2
5345,62,75,2
5346,62,76,2
5347,62,77,2
5348,62,78,2
5349,62,79,2
5350,62,80,2
5351,62,81,2
5352,62,82,2
5353,62,83,2
5354,62,84,2
5355,63,0,2
5356,63,1,2
5357,63,2,2
5358,63,3,2
5359,63,4,2
5360,63,5,2
5361,63,6,2
5362,63,7,2
5363,63,8,2
5364,63,9,2
5365,63,10,2
5366,63,11,2
5367,63,12,2
5368,63,13,2
5369,63,14,2
5370,63,15,2
5371,63,16,2
5372,63,17,2
5373,63,18,2
5374,63,19,2
5375,63,20,2
5376,63,21,1
5377,63,22,1
5378,63,23,1
5379,63,24,1
5380,63,25,1
5381,63,26,1
5382,63,27,1
5383,63,28,1
5384,63,29,3
5385,63,30,3
5386,63,31,3
5387,63,32,3
5388,63,33,3
5389,63,34,3
5390,63,35,3
5391,63,36,3
5392,63,37,3
5393,63,38,3
5394,63,39,3
5395,63,40,3
5396,63,41,3
5397,63,42,3
5398,63,43,3
5399,63,44,3
5400,63,45,3
5401,63,46,3
5402,63,47,3
5403,63,48,3
5404,63,49,3
5405,63,50,3
5406,63,51,3
5407,63,52,3
5408,63,53,3
5409,63,54,3
5410,63,55,3
5411,63,56,3
5412,63,57,1
5413,63,58,1
5414,63,59,1
5415,63,60,4
5416,63,61,1
5417,63,62,1
5418,63,63,1
5419,63,64,1
5420,63,65,1
5421,63,66,2
5422,63,67,2
5423,63,68,2
5424,63,69,2
5425,63,70,2
5426,63,71,2
5427,63,72,2
5428,63,73,2
5429,63,74,2
5430,63,75,2
5431,63,76,2
5432,63,77,2
5433,63,78,2
5434,63,79,2
5435,63,80,2
5436,63,81,2
5437,63,82,2
5438,63,83,2
5439,63,84,2
5440,64,0,2
5441,64,1,2
5442,64,2,2
5443,64,3,2
5444,64,4,2
5445,64,5,2
5446,64,6,2
5447,64,7,2
5448,64,8,2
5449,64,9,2
5450,64,10,2
5451,64,11,2
5452,64,12,2
5453,64,13,2
5454,64,14,2
5455,64,15,2
5456,64,16,2
5457,64,17,2
5458,64,18,2
5459,64,19,2
5460,64,20,2
5461,64,21,2
5462,64,22,1
5463,64,23,1
5464,64,24,1
5465,64,25,1
5466,64,26,1
5467,64,27,1
5468,64,28,1
5469,64,29,1
5470,64,30,3
5471,64,31,3
5472,64,32,3
5473,64,33,3
5474,64,34,3
5475,64,35,3
5476,64,36,3
5477,64,37,3
5478,64,38,3
5479,64,39,3
5480,64,40,3
5481,64,41,3
5482,64,42,3
5483,64,43,3
5484,64,44,3
5485,64,45,3
5486,64,46,3
5487,64,47,3
5488,64,48,3
5489,64,49,3
5490,64,50,3
5491,64,51,3
5492,64,52,3
5493,64,53,3
5494,64,54,3
5495,64,55,1
5496,64,56,1
5497,64,57,1
5498,64,58,1
5499,64,59,1
5500,64,60,1
5501,64,61,1
5502,64,62,1
5503,64,63,1
5504,64,64,1
5505,64,65,2
5506,64,66,2
5507,64,67,2
5508,64,68,2
5509,64,69,2
5510,64,70,2
5511,64,71,2
5512,64,72,2
5513,64,73,2
5514,64,74,2
5515,64,75,2
5516,64,76,2
5517,64,77,2
5518,64,78,2
5519,64,79,2
5520,64,80,2
5521,64,81,2
5522,64,82,2
5523,64,83,2
5524,64,84,2
5525,65,0,2
5526,65,1,2
5527,65,2,2
5528,65,3,2
5529,65,4,2
5530,65,5,2
5531,65,6,2
5532,65,7,2
5533,65,8,2
5534,65,9,2
5535,65,10,2
5536,65,11,2
5537,65,12,2
5538,65,13,2
5539,65,14,2
5540,65,15,2
5541,65,16,2
5542,65,17,2
5543,65,18,2
5544,65,19,2
5545,65,20,2
5546,65,21,2
5547,65,22,2
5548,65,23,1
5549,65,24,1
5550,65,25,1
5551,65,26,1
5552,65,27,1
5553,65,28,1
5554,65,29,1
5555,65,30,1
5556,65,31,3
5557,65,32,3
5558,65,33,3
5559,65,34,3
5560,65,35,3
5561,65,36,3
5562,65,37,3
5563,65,38,3
5564,65,39,3
5565,65,40,3
5566,65,41,3
5567,65,42,3
5568,65,43,3
5569,65,44,3
5570,65,45,3
5571,65,46,3
5572,65,47,3
5573,65,48,3
5574,65,49,3
5575,65,50,3
5576,65,51,3
5577,65,52,3
5578,65,53,4
5579,65,54,1
5580,65,55,1
5581,65,56,1
5582,65,57,3
5583,65,58,1
5584,65,59,1
5585,65,60,1
5586,65,61,1
5587,65,62,1
5588,65,63,1
5589,65,64,2
5590,65,65,2
5591,65,66,2
5592,65,67,2
5593,65,68,2
5594,65,69,2
5595,65,70,2
5596,65,71,2
5597,65,72,2
5598,65,73,2
5599,65,74,2
5600,65,75,2
5601,65,76,2
5602,65,77,2
5603,65,78,2
5604,65,79,2
5605,65,80,2
5606,65,81,2
5607,65,82,2
5608,65,83,2
5609,65,84,2
5610,66,0,2
5611,66,1,2
5612,66,2,2
5613,66,3,2
5614,66,4,2
5615,66,5,2
5616,66,6,2
5617,66,7,2
5618,66,8,2
5619,66,9,2
5620,66,10,2
5621,66,11,2
5622,66,12,2
5623,66,13,2
5624,66,14,2
5625,66,15,2
5626,66,16,2
5627,66,17,2
5628,66,18,2
5629,66,19,2
5630,66,20,2
5631,66,21,2
5632,66,22,2
5633,66,23,2
5634,66,24,1
5635,66,25,1
5636,66,26,1
5637,66,27,1
5638,66,28,1
5639,66,29,1
5640,66,30,1
5641,66,31,1
5642,66,32,3
5643,66,33,3
5644,66,34,3
5645,66,35,3
5646,66,36,3
5647,66,37,3
5648,66,38,3
5649,66,39,3
5650,66,40,3
5651,66,41,1
5652,66,42,3
5653,66,43,3
5654,66,44,3
5655,66,45,3
5656,66,46,3
5657,66,47,3
5658,66,48,3
5659,66,49,3
5660,66,50,3
5661,66,51,4
5662,66,52,1
5663,66,53,1
5664,66,54,1
5665,66,55,1
5666,66,56,1
5667,66,57,1
5668,66,58,1
5669,66,59,1
5670,66,60,1
5671,66,61,1
5672,66,62,1
5673,66,63,2
5674,66,64,2
5675,66,65,2
5676,66,66,2
5677,66,67,2
5678,66,68,2
5679,66,69,2
5680,66,70,2
5681,66,71,2
5682,66,72,2
5683,66,73,2
5684,66,74,2
5685,66,75,2
5686,66,76,2
5687,66,77,2
5688,66,78,2
5689,66,79,2
5690,66,80,2
5691,66,81,2
5692,66,82,2
5693,66,83,2
5694,66,84,2
5695,67,0,2
5696,67,1,2
5697,67,2,2
5698,67,3,2
5699,67,4,2
5700,67,5,2
5701,67,6,2
5702,67,7,2
5703,67,8,2
5704,67,9,2
5705,67,10,2
5706,67,11,2
5707,67,12,2
5708,67,13,2
5709,67,14,1
5710,67,15,2
5711,67,16,2
5712,67,17,2
5713,67,18,2
5714,67,19,2
5715,67,20,2
5716,67,21,2
5717,67,22,2
5718,67,23,2
5719,67,24,2
5720,67,25,1
5721,67,26,3
5722,67,27,1
5723,67,28,1
5724,67,29,1
5725,67,30,1
5726,67,31,2
5727,67,32,1
5728,67,33,4
5729,67,34,1
5730,67,35,3
5731,67,36,3
5732,67,37,3
5733,67,38,3
5734,67,39,3
5735,67,40,1
5736,67,41,1
5737,67,42,1
5738,67,43,3
5739,67,44,3
5740,67,45,3
5741,67,46,3
5742,67,47,3
5743,67,48,3
5744,67,49,3
5745,67,50,3
5746,67,51,4
5747,67,52,1
5748,67,53,1
5749,67,54,3
5750,67,55,1
5751,67,56,1
5752,67,57,1
5753,67,58,1
5754,67,59,1
5755,67,60,3
5756,67,61,1
5757,67,62,2
5758,67,63,2
5759,67,64,2
5760,67,65,2
5761,67,66,2
5762,67,67,2
5763,67,68,2
5764,67,69,2
5765,67,70,2
5766,67,71,2
5767,67,72,2
5768,67,73,2
5769,67,74,2
5770,67,75,2
5771,67,76,2
5772,67,77,2
5773,67,78,2
5774,67,79,2
5775,67,80,2
5776,67,81,2
5777,67,82,2
5778,67,83,2
5779,67,84,2
5780,68,0,2
5781,68,1,2
5782,68,2,2
5783,68,3,2
5784,68,4,2
5785,68,5,2
5786,68,6,2
5787,68,7,2
5788,68,8,2
5789,68,9,2
5790,68,10,2
5791,68,11,2
5792,68,12,2
5793,68,13,2
5794,68,14,2
5795,68,15,2
5796,68,16,2
5797,68,17,2
5798,68,18,2
5799,68,19,2
5800,68,20,2
5801,68,21,2
5802,68,22,2
5803,68,23,2
5804,68,24,2
5805,68,25,2
5806,68,26,1
5807,68,27,3
5808,68,28,1
5809,68,29,1
5810,68,30,1
5811,68,31,3
5812,68,32,2
5813,68,33,1
5814,68,34,1
5815,68,35,4
5816,68,36,4
5817,68,37,1
5818,68,38,1
5819,68,39,1
5820,68,40,1
5821,68,41,1
5822,68,42,4
5823,68,43,4
5824,68,44,4
5825,68,45,3
5826,68,46,3
5827,68,47,4
5828,68,48,4
5829,68,49,4
5830,68,50,1
5831,68,51,1
5832,68,52,1
5833,68,53,1
5834,68,54,1
5835,68,55,1
5836,68,56,1
5837,68,57,1
5838,68,58,1
5839,68,59,3
5840,68,60,1
5841,68,61,2
5842,68,62,2
5843,68,63,2
5844,68,64,2
5845,68,65,2
5846,68,66,2
5847,68,67,2
5848,68,68,2
5849,68,69,2
5850,68,70,2
5851,68,71,2
5852,68,72,2
5853,68,73,2
5854,68,74,2
5855,68,75,2
5856,68,76,2
5857,68,77,2
5858,68,78,2
5859,68,79,2
5860,68,80,2
5861,68,81,2
5862,68,82,2
5863,68,83,2
5864,68,84,2
5865,69,0,2
5866,69,1,2
5867,69,2,2
5868,69,3,2
5869,69,4,2
5870,69,5,2
5871,69,6,2
5872,69,7,2
5873,69,8,2
5874,69,9,2
5875,69,10,2
5876,69,11,2
5877,69,12,2
5878,69,13,2
5879,69,14,2
5880,69,15,2
5881,69,16,2
5882,69,17,2
5883,69,18,2
5884,69,19,2
5885,69,20,2
5886,69,21,2
5887,69,22,2
5888,69,23,2
5889,69,24,2
5890,69,25,2
5891,69,26,2
5892,69,27,2
5893,69,28,1
5894,69,29,3
5895,69,30,1
5896,69,31,1
5897,69,32,1
5898,69,33,1
5899,69,34,1
5900,69,35,1
5901,69,36,1
5902,69,37,1
5903,69,38,1
5904,69,39,1
5905,69,40,1
5906,69,41,1
5907,69,42,3
5908,69,43,3
5909,69,44,1
5910,69,45,1
5911,69,46,1
5912,69,47,1
5913,69,48,1
5914,69,49,1
5915,69,50,1
5916,69,51,3
5917,69,52,1
5918,69,53,1
5919,69,54,1
5920,69,55,1
5921,69,56,1
5922,69,57,1
5923,69,58,1
5924,69,59,2
5925,69,60,2
5926,69,61,2
5927,69,62,2
5928,69,63,2
5929,69,64,2
5930,69,65,2
5931,69,66,2
5932,69,67,2
5933,69,68,2
5934,69,69,2
5935,69,70,2
5936,69,71,2
5937,69,72,2
5938,69,73,2
5939,69,74,2
5940,69,75,2
5941,69,76,2
5942,69,77,2
5943,69,78,2
5944,69,79,2
5945,69,80,2
5946,69,81,2
5947,69,82,2
5948,69,83,2
5949,69,84,2
5950,70,0,2
5951,70,1,2
5952,70,2,2
5953,70,3,2
5954,70,4,2
5955,70,5,2
5956,70,6,2
5957,70,7,2
5958,70,8,2
5959,70,9,2
5960,70,10,2
5961,70,11,2
5962,70,12,2
5963,70,13,2
5964,70,14,2
5965,70,15,2
5966,70,16,2
5967,70,17,2
5968,70,18,2
5969,70,19,2
5970,70,20,2
5971,70,21,2
5972,70,22,2
5973,70,23,2
5974,70,24,2
5975,70,25,2
5976,70,26,2
5977,70,27,2
5978,70,28,2
5979,70,29,1
5980,70,30,3
5981,70,31,1
5982,70,32,1
5983,70,33,1
5984,70,34,1
5985,70,35,1
5986,70,36,3
5987,70,37,4
5988,70,38,1
5989,70,39,1
5990,70,40,1
5991,70,41,4
5992,70,42,1
5993,70,43,1
5994,70,44,1
5995,70,45,1
5996,70,46,1
5997,70,47,3
5998,70,48,1
5999,70,49,1
6000,70,50,1
6001,70,51,1
6002,70,52,1
6003,70,53,1
6004,70,54,1
6005,70,55,1
6006,70,56,1
6007,70,57,1
6008,70,58,2
6009,70,59,2
6010,70,60,2
6011,70,61,2
6012,70,62,2
6013,70,63,2
6014,70,64,2
6015,70,65,2
6016,70,66,2
6017,70,67,2
6018,70,68,2
6019,70,69,2
6020,70,70,2
6021,70,71,2
6022,70,72,2
6023,70,73,2
6024,70,74,2
6025,70,75,2
6026,70,76,2
6027,70,77,2
6028,70,78,2
6029,70,79,2
6030,70,80,2
6031,70,81,2
6032,70,82,2
6033,70,83,2
6034,70,84,2
6035,71,0,2
6036,71,1,2
6037,71,2,2
6038,71,3,2
6039,71,4,2
6040,71,5,2
6041,71,6,2
6042,71,7,2
6043,71,8,2
6044,71,9,2
6045,71,10,2
6046,71,11,2
6047,71,12,2
6048,71,13,2
6049,71,14,2
6050,71,15,2
6051,71,16,2
6052,71,17,2
6053,71,18,2
6054,71,19,2
6055,71,20,2
6056,71,21,2
6057,71,22,2
6058,71,23,2
6059,71,24,2
6060,71,25,2
6061,71,26,2
6062,71,27,2
6063,71,28,2
6064,71,29,2
6065,71,30,2
6066,71,31,1
6067,71,32,1
6068,71,33,3
6069,71,34,1
6070,71,35,1
6071,71,36,1
6072,71,37,1
6073,71,38,1
6074,71,39,1
6075,71,40,1
6076,71,41,1
6077,71,42,1
6078,71,43,1
6079,71,44,1
6080,71,45,1
6081,71,46,1
6082,71,47,1
6083,71,48,1
6084,71,49,1
6085,71,50,1
6086,71,51,1
6087,71,52,1
6088,71,53,1
6089,71,54,3
6090,71,55,1
6091,71,56,2
6092,71,57,2
6093,71,58,2
6094,71,59,2
6095,71,60,2
6096,71,61,2
6097,71,62,2
6098,71,63,2
6099,71,64,2
6100,71,65,2
6101,71,66,2
6102,71,67,2
6103,71,68,2
6104,71,69,2
6105,71,70,2
6106,71,71,2
6107,71,72,2
6108,71,73,2
6109,71,74,2
6110,71,75,2
6111,71,76,2
6112,71,77,2
6113,71,78,2
6114,71,79,2
6115,71,80,2
6116,71,81,2
6117,71,82,2
6118,71,83,2
6119,71,84,2
6120,72,0,2
6121,72,1,2
6122,72,2,2
6123,72,3,2
6124,72,4,2
6125,72,5,2
6126,72,6,2
6127,72,7,2
6128,72,8,2
6129,72,9,2
6130,72,10,2
6131,72,11,2
6132,72,12,2
6133,72,13,2
6134,72,14,2
6135,72,15,2
6136,72,16,2
6137,72,17,2
6138,72,18,2
6139,72,19,2
6140,72,20,2
6141,72,21,2
6142,72,22,2
6143,72,23,2
6144,72,24,2
6145,72,25,2
6146,72,26,2
6147,72,27,2
6148,72,28,2
6149,72,29,2
6150,72,30,2
6151,72,31,2
6152,72,32,2
6153,72,33,1
6154,72,34,3
6155,72,35,1
6156,72,36,1
6157,72,37,1
6158,72,38,1
6159,72,39,1
6160,72,40,1
6161,72,41,1
6162,72,42,1
6163,72,43,1
6164,72,44,1
6165,72,45,1
6166,72,46,1
6167,72,47,1
6168,72,48,1
6169,72,49,1
6170,72,50,1
6171,72,51,3
6172,72,52,1
6173,72,53,1
6174,72,54,2
6175,72,55,2
6176,72,56,2
6177,72,57,2
6178,72,58,2
6179,72,59,2
6180,72,60,2
6181,72,61,2
6182,72,62,2
6183,72,63,2
6184,72,64,2
6185,72,65,2
6186,72,66,2
6187,72,67,2
6188,72,68,2
6189,72,69,2
6190,72,70,2
6191,72,71,2
6192,72,72,2
6193,72,73,2
6194,72,74,2
6195,72,75,2
6196,72,76,2
6197,72,77,2
6198,72,78,2
6199,72,79,2
6200,72,80,2
6201,72,81,2
6202,72,82,2
6203,72,83,2
6204,72,84,2
6205,73,0,2
6206,73,1,2
6207,73,2,2
6208,73,3,2
6209,73,4,2
6210,73,5,2
6211,73,6,2
6212,73,7,2
6213,73,8,2
6214,73,9,2
6215,73,10,2
6216,73,11,2
6217,73,12,2
6218,73,13,2
6219,73,14,2
6220,73,15,2
6221,73,16,2
6222,73,17,2
6223,73,18,2
6224,73,19,2
6225,73,20,2
6226,73,21,2
6227,73,22,2
6228,73,23,2
6229,73,24,2
6230,73,25,2
6231,73,26,2
6232,73,27,2
6233,73,28,2
6234,73,29,2
6235,73,30,2
6236,73,31,2
6237,73,32,2
6238,73,33,2
6239,73,34,2
6240,73,35,1
6241,73,36,1
6242,73,37,1
6243,73,38,1
6244,73,39,3
6245,73,40,3
6246,73,41,3
6247,73,42,3
6248,73,43,1
6249,73,44,1
6250,73,45,1
6251,73,46,3
6252,73,47,3
6253,73,48,1
6254,73,49,1
6255,73,50,1
6256,73,51,2
6257,73,52,2
6258,73,53,2
6259,73,54,2
6260,73,55,2
6261,73,56,2
6262,73,57,2
6263,73,58,2
6264,73,59,2
6265,73,60,2
6266,73,61,2
6267,73,62,2
6268,73,63,2
6269,73,64,2
6270,73,65,2
6271,73,66,2
6272,73,67,2
6273,73,68,2
6274,73,69,2
6275,73,70,2
6276,73,71,2
6277,73,72,2
6278,73,73,2
6279,73,74,2
6280,73,75,2
6281,73,76,2
6282,73,77,2
6283,73,78,2
6284,73,79,2
6285,73,80,2
6286,73,81,2
6287,73,82,2
6288,73,83,2
6289,73,84,2
6290,74,0,2
6291,74,1,2
6292,74,2,2
6293,74,3,2
6294,74,4,2
6295,74,5,2
6296,74,6,2
6297,74,7,2
6298,74,8,2
6299,74,9,2
6300,74,10,2
6301,74,11,2
6302,74,12,2
6303,74,13,2
6304,74,14,2
6305,74,15,2
6306,74,16,2
6307,74,17,2
6308,74,18,2
6309,74,19,2
6310,74,20,2
6311,74,21,2
6312,74,22,2
6313,74,23,2
6314,74,24,2
6315,74,25,2
6316,74,26,2
6317,74,27,2
6318,74,28,2
6319,74,29,2
6320,74,30,2
6321,74,31,2
6322,74,32,2
6323,74,33,2
6324,74,34,2
6325,74,35,2
6326,74,36,2
6327,74,37,2
6328,74,38,2
6329,74,39,2
6330,74,40,2
6331,74,41,2
6332,74,42,2
6333,74,43,2
6334,74,44,2
6335,74,45,2
6336,74,46,2
6337,74,47,2
6338,74,48,2
6339,74,49,2
6340,74,50,2
6341,74,51,2
6342,74,52,2
6343,74,53,2
6344,74,54,2
6345,74,55,2
6346,74,56,2
6347,74,57,2
6348,74,58,2
6349,74,59,2
6350,74,60,2
6351,74,61,2
6352,74,62,2
6353,74,63,2
6354,74,64,2
6355,74,65,2
6356,74,66,2
6357,74,67,2
6358,74,68,2
6359,74,69,2
6360,74,70,2
6361,74,71,2
6362,74,72,2
6363,74,73,2
6364,74,74,2
6365,74,75,2
6366,74,76,2
6367,74,77,2
6368,74,78,2
6369,74,79,2
6370,74,80,2
6371,74,81,2
6372,74,82,2
6373,74,83,2
6374,74,84,2
6375,75,0,2
6376,75,1,2
6377,75,2,2
6378,75,3,2
6379,75,4,2
6380,75,5,2
6381,75,6,2
6382,75,7,2
6383,75,8,2
6384,75,9,2
6385,75,10,2
6386,75,11,2
6387,75,12,2
6388,75,13,2
6389,75,14,2
6390,75,15,2
6391,75,16,2
6392,75,17,2
6393,75,18,2
6394,75,19,2
6395,75,20,2
6396,75,21,2
6397,75,22,2
6398,75,23,2
6399,75,24,2
6400,75,25,2
6401,75,26,2
6402,75,27,2
6403,75,28,2
6404,75,29,2
6405,75,30,2
6406,75,31,2
6407,75,32,2
6408,75,33,2
6409,75,34,2
6410,75,35,2
6411,75,36,2
6412,75,37,2
6413,75,38,2
6414,75,39,2
6415,75,40,2
6416,75,41,2
6417,75,42,2
6418,75,43,2
6419,75,44,2
6420,75,45,2
6421,75,46,2
6422,75,47,2
6423,75,48,2
6424,75,49,2
6425,75,50,2
6426,75,51,2
6427,75,52,2
6428,75,53,2
6429,75,54,2
6430,75,55,2
6431,75,56,2
6432,75,57,2
6433,75,58,2
6434,75,59,2
6435,75,60,2
6436,75,61,2
6437,75,62,2
6438,75,63,2
6439,75,64,2
6440,75,65,2
6441,75,66,2
6442,75,67,2
6443,75,68,2
6444,75,69,2
6445,75,70,2
6446,75,71,2
6447,75,72,2
6448,75,73,2
6449,75,74,2
6450,75,75,2
6451,75,76,2
6452,75,77,2
6453,75,78,2
6454,75,79,2
6455,75,80,2
6456,75,81,2
6457,75,82,2
6458,75,83,2
6459,75,84,2
6460,76,0,2
6461,76,1,2
6462,76,2,2
6463,76,3,2
6464,76,4,2
6465,76,5,2
6466,76,6,2
6467,76,7,2
6468,76,8,2
6469,76,9,2
6470,76,10,2
6471,76,11,2
6472,76,12,2
6473,76,13,2
6474,76,14,2
6475,76,15,2
6476,76,16,2
6477,76,17,2
6478,76,18,2
6479,76,19,2
6480,76,20,2
6481,76,21,2
6482,76,22,2
6483,76,23,2
6484,76,24,2
6485,76,25,2
6486,76,26,2
6487,76,27,2
6488,76,28,2
6489,76,29,2
6490,76,30,2
6491,76,31,2
6492,76,32,2
6493,76,33,2
6494,76,34,2
6495,76,35,2
6496,76,36,2
6497,76,37,2
6498,76,38,2
6499,76,39,2
6500,76,40,2
6501,76,41,2
6502,76,42,2
6503,76,43,2
6504,76,44,2
6505,76,45,2
6506,76,46,2
6507,76,47,2
6508,76,48,2
6509,76,49,2
6510,76,50,2
6511,76,51,2
6512,76,52,2
6513,76,53,2
6514,76,54,2
6515,76,55,2
6516,76,56,2
6517,76,57,2
6518,76,58,2
6519,76,59,2
6520,76,60,2
6521,76,61,2
6522,76,62,2
6523,76,63,2
6524,76,64,2
6525,76,65,2
6526,76,66,2
6527,76,67,2
6528,76,68,2
6529,76,69,2
6530,76,70,2
6531,76,71,2
6532,76,72,2
6533,76,73,2
6534,76,74,2
6535,76,75,2
6536,76,76,2
6537,76,77,2
6538,76,78,2
6539,76,79,2
6540,76,80,2
6541,76,81,2
6542,76,82,2
6543,76,83,2
6544,76,84,2
6545,77,0,2
6546,77,1,2
6547,77,2,2
6548,77,3,2
6549,77,4,2
6550,77,5,2
6551,77,6,2
6552,77,7,2
6553,77,8,2
6554,77,9,2
6555,77,10,2
6556,77,11,2
6557,77,12,2
6558,77,13,2
6559,77,14,2
6560,77,15,2
6561,77,16,2
6562,77,17,2
6563,77,18,2
6564,77,19,2
6565,77,20,2
6566,77,21,2
6567,77,22,2
6568,77,23,2
6569,77,24,2
6570,77,25,2
6571,77,26,2
6572,77,27,2
6573,77,28,2
6574,77,29,2
6575,77,30,2
6576,77,31,2
6577,77,32,2
6578,77,33,2
6579,77,34,2
6580,77,35,2
6581,77,36,2
6582,77,37,2
6583,77,38,2
6584,77,39,2
6585,77,40,2
6586,77,41,2
6587,77,42,2
6588,77,43,2
6589,77,44,2
6590,77,45,2
6591,77,46,2
6592,77,47,2
6593,77,48,2
6594,77,49,2
6595,77,50,2
6596,77,51,2
6597,77,52,2
6598,77,53,2
6599,77,54,2
6600,77,55,2
6601,77,56,2
6602,77,57,2
6603,77,58,2
6604,77,59,2
6605,77,60,2
6606,77,61,2
6607,77,62,2
6608,77,63,2
6609,77,64,2
6610,77,65,2
6611,77,66,2
6612,77,67,2
6613,77,68,2
6614,77,69,2
6615,77,70,2
6616,77,71,2
6617,77,72,2
6618,77,73,2
6619,77,74,2
6620,77,75,2
6621,77,76,2
6622,77,77,2
6623,77,78,2
6624,77,79,2
6625,77,80,2
6626,77,81,2
6627,77,82,2
6628,77,83,2
6629,77,84,2
6630,78,0,2
6631,78,1,2
6632,78,2,2
6633,78,3,2
6634,78,4,2
6635,78,5,2
6636,78,6,2
6637,78,7,2
6638,78,8,2
6639,78,9,2
6640,78,10,2
6641,78,11,2
6642,78,12,2
6643,78,13,2
6644,78,14,2
6645,78,15,2
6646,78,16,2
6647,78,17,2
6648,78,18,2
6649,78,19,2
6650,78,20,2
6651,78,21,2
6652,78,22,2
6653,78,23,2
6654,78,24,2
6655,78,25,2
6656,78,26,2
6657,78,27,2
6658,78,28,2
6659,78,29,2
6660,78,30,2
6661,78,31,2
6662,78,32,2
6663,78,33,2
6664,78,34,2
6665,78,35,2
6666,78,36,2
6667,78,37,2
6668,78,38,2
6669,78,39,2
6670,78,40,2
6671,78,41,2
6672,78,42,2
6673,78,43,2
6674,78,44,2
6675,78,45,2
6676,78,46,2
6677,78,47,2
6678,78,48,2
6679,78,49,2
6680,78,50,2
6681,78,51,2
6682,78,52,2
6683,78,53,2
6684,78,54,2
6685,78,55,2
6686,78,56,2
6687,78,57,2
6688,78,58,2
6689,78,59,2
6690,78,60,2
6691,78,61,2
6692,78,62,2
6693,78,63,2
6694,78,64,2
6695,78,65,2
6696,78,66,2
6697,78,67,2
6698,78,68,2
6699,78,69,2
6700,78,70,2
6701,78,71,2
6702,78,72,2
6703,78,73,2
6704,78,74,2
6705,78,75,2
6706,78,76,2
6707,78,77,2
6708,78,78,2
6709,78,79,2
6710,78,80,2
6711,78,81,2
6712,78,82,2
6713,78,83,2
6714,78,84,2
6715,79,0,2
6716,79,1,2
6717,79,2,2
6718,79,3,2
6719,79,4,2
6720,79,5,2
6721,79,6,2
6722,79,7,2
6723,79,8,2
6724,79,9,2
6725,79,10,2
6726,79,11,2
6727,79,12,2
6728,79,13,2
6729,79,14,2
6730,79,15,2
6731,79,16,2
6732,79,17,2
6733,79,18,2
6734,79,19,2
6735,79,20,2
6736,79,21,2
6737,79,22,2
6738,79,23,2
6739,79,24,2
6740,79,25,2
6741,79,26,2
6742,79,27,2
6743,79,28,2
6744,79,29,2
6745,79,30,2
6746,79,31,2
6747,79,32,2
6748,79,33,2
6749,79,34,2
6750,79,35,2
6751,79,36,2
6752,79,37,2
6753,79,38,2
6754,79,39,2
6755,79,40,2
6756,79,41,2
6757,79,42,2
6758,79,43,2
6759,79,44,2
6760,79,45,2
6761,79,46,2
6762,79,47,2
6763,79,48,2
6764,79,49,2
6765,79,50,2
6766,79,51,2
6767,79,52,2
6768,79,53,2
6769,79,54,2
6770,79,55,2
6771,79,56,2
6772,79,57,2
6773,79,58,2
6774,79,59,2
6775,79,60,2
6776,79,61,2
6777,79,62,2
6778,79,63,2
6779,79,64,2
6780,79,65,2
6781,79,66,2
6782,79,67,2
6783,79,68,2
6784,79,69,2
6785,79,70,2
6786,79,71,2
6787,79,72,2
6788,79,73,2
6789,79,74,2
6790,79,75,2
6791,79,76,2
6792,79,77,2
6793,79,78,2
6794,79,79,2
6795,79,80,2
6796,79,81,2
6797,79,82,2
6798,79,83,2
6799,79,84,2
6800,80,0,2
6801,80,1,2
6802,80,2,2
6803,80,3,2
6804,80,4,2
6805,80,5,2
6806,80,6,2
6807,80,7,2
6808,80,8,2
6809,80,9,2
6810,80,10,2
6811,80,11,2
6812,80,12,2
6813,80,13,2
6814,80,14,2
6815,80,15,2
6816,80,16,2
6817,80,17,2
6818,80,18,2
6819,80,19,2
6820,80,20,2
6821,80,21,2
6822,80,22,2
6823,80,23,2
6824,80,24,2
6825,80,25,2
6826,80,26,2
6827,80,27,2
6828,80,28,2
6829,80,29,2
6830,80,30,2
6831,80,31,2
6832,80,32,2
6833,80,33,2
6834,80,34,2
6835,80,35,2
6836,80,36,2
6837,80,37,2
6838,80,38,2
6839,80,39,2
6840,80,40,2
6841,80,41,2
6842,80,42,2
6843,80,43,2
6844,80,44,2
6845,80,45,2
6846,80,46,2
6847,80,47,2
6848,80,48,2
6849,80,49,2
6850,80,50,2
6851,80,51,2
6852,80,52,2
6853,80,53,2
6854,80,54,2
6855,80,55,2
6856,80,56,2
6857,80,57,2
6858,80,58,2
6859,80,59,2
6860,80,60,2
6861,80,61,2
6862,80,62,2
6863,80,63,2
6864,80,64,2
6865,80,65,2
6866,80,66,2
6867,80,67,2
6868,80,68,2
6869,80,69,2
6870,80,70,2
6871,80,71,2
6872,80,72,2
6873,80,73,2
6874,80,74,2
6875,80,75,2
6876,80,76,2
6877,80,77,2
6878,80,78,2
6879,80,79,2
6880,80,80,2
6881,80,81,2
6882,80,82,2
6883,80,83,2
6884,80,84,2
6885,81,0,2
6886,81,1,2
6887,81,2,2
6888,81,3,2
6889,81,4,2
6890,81,5,2
6891,81,6,2
6892,81,7,2
6893,81,8,2
6894,81,9,2
6895,81,10,2
6896,81,11,2
6897,81,12,2
6898,81,13,2
6899,81,14,2
6900,81,15,2
6901,81,16,2
6902,81,17,2
6903,81,18,2
6904,81,19,2
6905,81,20,2
6906,81,21,2
6907,81,22,2
6908,81,23,2
6909,81,24,2
6910,81,25,2
6911,81,26,2
6912,81,27,2
6913,81,28,2
6914,81,29,2
6915,81,30,2
6916,81,31,2
6917,81,32,2
6918,81,33,2
6919,81,34,2
6920,81,35,2
6921,81,36,2
6922,81,37,2
6923,81,38,2
6924,81,39,2
6925,81,40,2
6926,81,41,2
6927,81,42,2
6928,81,43,2
6929,81,44,2
6930,81,45,2
6931,81,46,2
6932,81,47,2
6933,81,48,2
6934,81,49,2
6935,81,50,2
6936,81,51,2
6937,81,52,2
6938,81,53,2
6939,81,54,2
6940,81,55,2
6941,81,56,2
6942,81,57,2
6943,81,58,2
6944,81,59,2
6945,81,60,2
6946,81,61,2
6947,81,62,2
6948,81,63,2
6949,81,64,2
6950,81,65,2
6951,81,66,2
6952,81,67,2
6953,81,68,2
6954,81,69,2
6955,81,70,2
6956,81,71,2
6957,81,72,2
6958,81,73,2
6959,81,74,2
6960,81,75,2
6961,81,76,2
6962,81,77,2
6963,81,78,2
6964,81,79,2
6965,81,80,2
6966,81,81,2
6967,81,82,2
6968,81,83,2
6969,81,84,2
6970,82,0,2
6971,82,1,2
6972,82,2,2
6973,82,3,2
6974,82,4,2
6975,82,5,2
6976,82,6,2
6977,82,7,2
6978,82,8,2
6979,82,9,2
6980,82,10,2
6981,82,11,2
6982,82,12,2
6983,82,13,2
6984,82,14,2
6985,82,15,2
6986,82,16,2
6987,82,17,2
6988,82,18,2
6989,82,19,2
6990,82,20,2
6991,82,21,2
6992,82,22,2
6993,82,23,2
6994,82,24,2
6995,82,25,2
6996,82,26,2
6997,82,27,2
6998,82,28,2
6999,82,29,2
7000,82,30,2
7001,82,31,2
7002,82,32,2
7003,82,33,2
7004,82,34,2
7005,82,35,2
7006,82,36,2
7007,82,37,2
7008,82,38,2
7009,82,39,2
7010,82,40,2
7011,82,41,2
7012,82,42,2
7013,82,43,2
7014,82,44,2
7015,82,45,2
7016,82,46,2
7017,82,47,2
7018,82,48,2
7019,82,49,2
7020,82,50,2
7021,82,51,2
7022,82,52,2
7023,82,53,2
7024,82,54,2
7025,82,55,2
7026,82,56,2
7027,82,57,2
7028,82,58,2
7029,82,59,2
7030,82,60,2
7031,82,61,2
7032,82,62,2
7033,82,63,2
7034,82,64,2
7035,82,65,2
7036,82,66,2
7037,82,67,2
7038,82,68,2
7039,82,69,2
7040,82,70,2
7041,82,71,2
7042,82,72,2
7043,82,73,2
7044,82,74,2
7045,82,75,2
7046,82,76,2
7047,82,77,2
7048,82,78,2
7049,82,79,2
7050,82,80,2
7051,82,81,2
7052,82,82,2
7053,82,83,2
7054,82,84,2
7055,83,0,2
7056,83,1,2
7057,83,2,2
7058,83,3,2
7059,83,4,2
7060,83,5,2
7061,83,6,2
7062,83,7,2
7063,83,8,2
7064,83,9,2
7065,83,10,2
7066,83,11,2
7067,83,12,2
7068,83,13,2
7069,83,14,2
7070,83,15,2
7071,83,16,2
7072,83,17,2
7073,83,18,2
7074,83,19,2
7075,83,20,2
7076,83,21,2
7077,83,22,2
7078,83,23,2
7079,83,24,2
7080,83,25,2
7081,83,26,2
7082,83,27,2
7083,83,28,2
7084,83,29,2
7085,83,30,2
7086,83,31,2
7087,83,32,2
7088,83,33,2
7089,83,34,2
7090,83,35,2
7091,83,36,2
7092,83,37,2
7093,83,38,2
7094,83,39,2
7095,83,40,2
7096,83,41,2
7097,83,42,2
7098,83,43,2
7099,83,44,2
7100,83,45,2
7101,83,46,2
7102,83,47,2
7103,83,48,2
7104,83,49,2
7105,83,50,2
7106,83,51,2
7107,83,52,2
7108,83,53,2
7109,83,54,2
7110,83,55,2
7111,83,56,2
7112,83,57,2
7113,83,58,2
7114,83,59,2
7115,83,60,2
7116,83,61,2
7117,83,62,2
7118,83,63,2
7119,83,64,2
7120,83,65,2
7121,83,66,2
7122,83,67,2
7123,83,68,2
7124,83,69,2
7125,83,70,2
7126,83,71,2
7127,83,72,2
7128,83,73,2
7129,83,74,2
7130,83,75,2
7131,83,76,2
7132,83,77,2
7133,83,78,2
7134,83,79,2
7135,83,80,2
7136,83,81,2
7137,83,82,2
7138,83,83,2
7139,83,84,2
7140,84,0,2
7141,84,1,2
7142,84,2,2
7143,84,3,2
7144,84,4,2
7145,84,5,2
7146,84,6,2
7147,84,7,2
7148,84,8,2
7149,84,9,2
7150,84,10,2
7151,84,11,2
7152,84,12,2
7153,84,13,2
7154,84,14,2
7155,84,15,2
7156,84,16,2
7157,84,17,2
7158,84,18,2
7159,84,19,2
7160,84,20,2
7161,84,21,2
7162,84,22,2
7163,84,23,2
7164,84,24,2
7165,84,25,2
7166,84,26,2
7167,84,27,2
7168,84,28,2
7169,84,29,2
7170,84,30,2
7171,84,31,2
7172,84,32,2
7173,84,33,2
7174,84,34,2
7175,84,35,2
7176,84,36,2
7177,84,37,2
7178,84,38,2
7179,84,39,2
7180,84,40,2
7181,84,41,2
7182,84,42,2
7183,84,43,2
7184,84,44,2
7185,84,45,2
7186,84,46,2
7187,84,47,2
7188,84,48,2
7189,84,49,2
7190,84,50,2
7191,84,51,2
7192,84,52,2
7193,84,53,2
7194,84,54,2
7195,84,55,2
7196,84,56,2
7197,84,57,2
7198,84,58,2
7199,84,59,2
7200,84,60,2
7201,84,61,2
7202,84,62,2
7203,84,63,2
7204,84,64,2
7205,84,65,2
7206,84,66,2
7207,84,67,2
7208,84,68,2
7209,84,69,2
7210,84,70,2
7211,84,71,2
7212,84,72,2
7213,84,73,2
7214,84,74,2
7215,84,75,2
7216,84,76,2
7217,84,77,2
7218,84,78,2
7219,84,79,2
7220,84,80,2
7221,84,81,2
7222,84,82,2
7223,84,83,2
7224,84,84,2
